extension,repos,files
.md,17763,2067380
.gitignore,17137,136353
,16869,1507423
.yml,15406,593472
.txt,13542,1541544
.json,12758,3328306
.png,12141,9148364
.sh,11290,349869
.html,10306,3875065
.js,10076,10629093
.css,9209,1152609
.xml,9030,1271268
.py,7714,1992912
.svg,7440,3426354
.jpg,6110,471820
.yaml,5994,405337
.ico,5696,51348
.lock,5440,23278
.gif,5082,548338
.gitattributes,4965,10795
.bat,4732,43163
.in,4434,100684
.editorconfig,4333,11630
.ttf,4300,96247
.h,4127,2195546
.cfg,4101,69825
.conf,4076,75636
.properties,3640,202262
.woff,3633,93914
.ini,3583,119113
.c,3565,1017260
.java,3555,5687426
.rst,3363,268545
.eot,3331,57158
.pdf,3308,110209
.scss,3205,330331
.map,3064,1257652
.ts,3063,1275106
.gitmodules,3017,4049
.csv,2739,215133
.zip,2714,98512
.woff2,2641,73809
.toml,2574,22974
.cpp,2549,1134080
.jar,2549,138403
.php,2475,2380195
.rb,2317,762373
.gitkeep,2303,17060
.sql,2276,306214
.config,2156,50977
.gz,2133,231438
.log,2060,94816
.dockerignore,1980,3847
.npmignore,1919,39696
.eslintignore,1912,4425
.patch,1800,174665
.otf,1793,22114
.sln,1769,28194
.eslintrc,1677,8055
.babelrc,1649,5550
.1,1644,33482
.pl,1637,52918
.less,1554,139583
.exe,1527,17221
.template,1512,19265
.ds_store,1497,7466
.pem,1488,31365
.gradle,1469,44090
.cmd,1466,15517
.jshintrc,1466,7053
.dat,1454,231153
.ps1,1434,26043
.cs,1410,1526440
.proto,1354,82222
.plist,1342,29240
.dll,1326,83480
.po,1324,172426
.project,1288,17566
.iml,1284,10608
.go,1278,2964670
.markdown,1272,55024
.jpeg,1238,20033
.github/codeowners,1230,1450
.cc,1218,368809
.cmake,1216,46196
.example,1192,4421
.csproj,1179,70587
.mod,1133,24681
.rc,1127,13245
.hpp,1123,1082482
.mk,1114,29940
.db,1091,14039
.key,1088,7878
.xsd,1085,44967
.coveragerc,1084,1290
.env,1070,5284
.am,1048,39907
.bin,1033,35331
.ac,1019,4296
.m4,1005,25189
.ipynb,997,43278
.inc,996,83004
.orig,988,5804
.prettierignore,988,1632
.prettierrc,988,1550
.spec,984,8956
.service,972,9404
.m,971,188983
.crt,959,13719
.swp,956,2384
.pro,948,22458
.bak,946,4586
.tmpl,941,30353
.sum,939,14755
.htaccess,929,5590
.tex,913,54912
.clang-format,913,1706
.htm,912,181683
.bmp,907,30273
.s,903,87883
.dist,879,9993
.xsl,874,32421
.out,866,78691
.pot,858,8502
.coffee,849,53220
.enc,848,3553
.old,841,3299
.erb,838,114205
.psd,824,8261
.bash,811,4910
.keep,810,8655
.tpl,806,52872
.0,796,10393
.prefs,773,30658
.icns,769,5220
.tsx,766,157531
.classpath,741,11933
.pbxproj,739,7005
.vcxproj,731,29367
.sample,727,5216
.props,725,12045
.swf,721,9236
.nvmrc,719,1054
.wav,717,23508
.desktop,717,8311
.def,710,13265
.gemspec,705,5633
.so,702,12745
.mp3,700,26386
.mp4,698,4752
.pyc,696,35179
.xlsx,695,9705
.npmrc,691,2220
.flake8,674,749
.jsx,670,99898
.nuspec,662,6450
.mailmap,659,1105
.lua,658,105954
.xcf,658,6521
.test,655,181375
.opts,651,2829
.manifest,639,5117
.bowerrc,633,1127
.filters,632,19230
.kt,630,324821
.docx,622,7427
.mo,620,49614
.ruby-version,602,746
.hbs,600,33911
.groovy,585,90278
.mf,583,11069
.diff,576,12336
.resx,575,48536
.ui,563,25464
.class,562,144090
.3,559,18834
.settings,556,9288
.name,556,2639
.info,554,20115
.targets,550,4017
.build,549,11506
.lib,544,9944
.feature,538,35375
.install,535,11108
.el,534,32622
.dtd,531,5669
.jscsrc,529,851
.snap,526,27329
.list,523,3890
.tgz,522,22468
.rtf,516,6433
.a,515,16631
.2,515,6592
.mjs,512,17001
.scala,508,306293
.sub,508,2742
.r,504,38268
.guess,502,1799
.user,500,3576
.xcworkspacedata,497,3567
.rspec,495,1521
.doc,491,4216
.ru,491,3457
.o,490,18207
.bib,490,7354
.xcscheme,488,6144
.swift,485,158567
.rake,485,6920
.license,482,3032
.dot,472,8982
.5,472,2824
.vue,471,58363
.cnf,468,3587
.nojekyll,466,682
.pdb,456,14096
.browserslistrc,456,750
.rules,455,4454
.pylintrc,455,572
.dockerfile,444,4012
.adoc,442,31648
.pub,441,2384
.vcproj,440,19947
.d,436,16467
.rs,433,70331
.hgignore,431,625
.eps,430,8054
.typed,429,1719
.tsv,428,10271
.webp,419,70337
.ogg,419,35175
.mm,418,42575
.metadata,418,3489
.data,417,11481
.asm,415,24665
.jshintignore,414,629
.xib,413,10767
.pm,411,74501
.storyboard,407,5458
.ejs,405,13323
.ai,403,2120
.bz2,401,10105
.husky/pre-commit,398,416
.bzl,394,5763
.qrc,394,4522
.tar,394,3260
.y,391,1829
.vim,388,15964
.strings,387,33893
.8,382,3646
.org,378,3773
.inv,373,1171
.sbt,370,6688
.default,370,1803
.xls,369,4106
.jsp,367,40280
.sass,366,11922
.4,364,4785
.cjs,364,3226
.cvsignore,362,10687
.j2,360,11081
.7,360,2556
.cache,359,3001
.snk,358,2305
.pptx,357,3320
.readme,357,1003
.neon,356,2610
.rdoc,356,2209
.pickle,351,1208
.6,348,1897
.webmanifest,347,801
.tmp,346,2669
.docs,346,1118
.header,341,6332
.asc,330,2649
.org/x/net/license,326,629
.dotsettings,324,1093
.xaml,321,27573
.dev,321,794
.org/x/sys/license,319,554
.org/x/net/patents,316,529
.cxx,315,85856
.types,314,25437
.nsi,313,1123
.xpm,312,18899
.odt,312,2758
.stylelintrc,312,443
.bazel,310,32694
.buildinfo,310,571
.org/x/sys/patents,310,472
.sty,309,3341
.obj,308,12876
.tif,308,6531
.awk,308,1680
.flowconfig,304,1957
.pyx,302,4272
.tiff,295,7672
.tx/config,295,332
.v2/license,293,765
.org/x/net/authors,293,391
.org/x/net/contributors,293,391
.org/x/text/license,292,483
.org/x/sys/authors,291,380
.org/x/sys/contributors,291,380
.twig,289,59190
.suo,289,1162
.sqlite,289,900
.com/golang/protobuf/license,289,544
.init,288,2038
.org/x/crypto/license,286,468
.common,285,510
.bsd,284,1257
.libyaml,282,490
.org/x/text/patents,282,403
.pch,280,3628
.org/x/crypto/patents,280,399
.lst,278,3010
.local,278,643
.i,277,21527
.mustache,277,16527
.dsp,277,5011
.cur,277,3480
.mak,276,4260
.doctree,274,12664
.xcconfig,273,10246
.dox,272,6634
.dylib,272,4553
.styl,271,14049
.org/x/net/http2/readme,269,370
.cshtml,268,30255
.ignore,268,1599
.org/x/net/http2/dockerfile,268,364
.jade,267,11762
.disabled,263,2111
.org/x/net/http2/makefile,263,358
.org/x/text/authors,263,341
.org/x/text/contributors,263,341
.kts,262,13064
.xslt,262,2929
.jks,261,2715
.golden,260,11076
.iss,258,1399
.csslintrc,258,428
.md5,257,47612
.t,257,33369
.com/golang/protobuf/authors,257,322
.com/golang/protobuf/contributors,257,322
.debian,256,800
.empty,255,6981
.org/x/crypto/authors,254,303
.org/x/crypto/contributors,254,303
.raw,253,4562
.ps,252,3321
.p12,250,1059
.tf,248,22349
.vm,248,9551
.entitlements,248,1367
.php_cs,248,538
.gpg,246,58001
.version,246,1972
.hh,243,23118
.srl,243,511
.com/davecgh/go-spew/license,243,404
.dsw,242,1503
.nycrc,242,734
.pri,241,4595
.xhtml,240,29814
.l,239,15528
.exp,235,69842
.csr,235,1016
.sed,235,924
.com/pkg/errors/license,235,353
.nupkg,234,4854
.v2/notice,232,316
.dia,231,2555
.ods,230,1163
.wsdl,229,2850
.supp,229,508
.hs,228,37443
.gyp,228,10089
.text,228,9985
.git-blame-ignore-revs,228,232
.nix,227,48875
.podspec,226,3528
.linux,226,549
.trampolinerc,226,231
.xz,224,2519
.frag,223,32002
.pc,221,1511
.inl,220,17512
.rdf,220,5786
.src,219,4636
.cgi,219,1960
.glsl,216,13372
.tcl,215,29021
.launch,215,4420
.com/sirupsen/logrus/license,214,533
.haml,213,36135
.org/grpc/license,213,373
.com/spf13/pflag/license,211,400
.modulemap,210,2366
.clang-tidy,209,439
.tab,206,3644
.mit,206,851
.org/x/oauth2/license,205,391
.com/pmezard/go-difflib/license,205,303
.pfx,204,873
.v1/license,204,704
.pyi,203,16280
.script,202,1941
.res,201,9507
.com,201,2693
.cer,201,1577
.com/gogo/protobuf/license,201,376
.hgtags,201,285
.com/stretchr/testify/license,200,282
.pp,199,13613
.9,199,1069
.chm,199,619
.org/appengine/license,199,296
.watchmanconfig,195,483
.sublime-project,195,329
.io/license,195,284
.org/x/oauth2/authors,194,285
.org/x/oauth2/contributors,194,285
.org/grpc/makefile,194,251
.ftl,193,15290
.mat,193,11635
.make,193,4393
.postinst,193,1816
.pom,192,7647
.bazelrc,192,553
.f,191,36340
.graffle,191,1332
.org/genproto/license,191,287
.0/license,190,1695
.cff,190,308
.js/license,188,534
.keystore,187,700
.com/gogo/protobuf/proto/makefile,187,269
.htc,186,591
.vert,185,13691
.xcsettings,185,719
.skip,185,478
.com/golang/protobuf/proto/makefile,184,284
.com/prometheus/procfs/license,183,293
.com/hashicorp/golang-lru/license,183,280
.travis,182,260
.com/prometheus/procfs/notice,181,285
.devcontainer/dockerfile,181,194
.yardopts,178,1216
.10,178,1026
.mako,177,3216
.com/gogo/protobuf/contributors,177,229
.as,176,12100
.prj,176,4600
.inf,176,1270
.com/prometheus/common/license,176,259
.com/gogo/protobuf/authors,176,221
.gitreview,176,182
.flow,174,6192
.apk,174,2065
.webm,174,1487
.xcuserstate,174,477
.com/prometheus/client_golang/license,174,241
.com/matttproud/golang_protobuf_extensions/license,174,238
.code-workspace,174,232
.cert,173,782
.v0/license,173,319
.com/prometheus/client_model/license,173,236
.org/grpc/authors,173,197
.index,172,11747
.org/x/tools/license,172,234
.f90,171,22796
.rej,171,740
.com/prometheus/common/notice,171,246
.ld,170,5765
.new,170,2657
.g4,170,1750
.dirs,170,1086
.backup,170,920
.md~,170,599
.egg-info/pkg-info,170,576
.com/prometheus/procfs/makefile,170,204
.fish,169,543
.com/prometheus/client_golang/notice,169,228
.xproj,168,3075
.com/prometheus/client_model/notice,168,223
.com/beorn7/perks/license,168,212
.mdx,167,18172
.cu,166,7176
.url,166,1770
.x,166,1625
.ruleset,166,1421
.wxs,166,1375
.pas,165,12487
.ser,165,1784
.org/x/tools/patents,165,196
.placeholder,164,611
.nib,163,18516
.textile,163,10969
.pxd,163,3111
.dict,163,2192
.manpages,163,541
.sha1,162,35965
.rmd,162,5575
.psm1,162,1925
.phar,162,512
.com/go/license,162,272
.com/matttproud/golang_protobuf_extensions/notice,162,191
.aspx,161,4090
.zsh,161,2351
.yarnrc,160,400
.v3/license,160,232
.wasm,159,7119
.fla,159,586
.tt,158,9658
.bnf,158,667
.gnu,158,607
.io/makefile,158,200
.cproject,157,2289
.com/json-iterator/go/license,157,233
.org/x/time/license,157,201
.csh,156,743
.ex,155,33692
.node,155,2167
.input,155,2101
.fs,154,9387
.policy,154,2414
.helmignore,154,825
.lesser,154,292
.com/google/uuid/license,154,210
.org/x/text/language/makefile,154,209
.hex,153,24245
.tokens,153,2331
.directory,153,832
.mockmaker,153,468
.0/readme,153,407
.meta,152,299038
.cls,152,11220
.vbs,152,2029
.css_t,152,378
.github/issue_template,152,212
.org/x/time/patents,152,183
.expected,151,79712
.gypi,151,2713
.com/google/go-cmp/license,151,189
.org/x/tools/authors,151,161
.org/x/tools/contributors,151,161
.ldif,150,9194
.hcl,150,6300
.profile,150,3038
.geojson,149,5238
.mkd,149,2491
.glade,149,2056
.save,149,1920
.sqlite3,149,302
.com/mitchellh/mapstructure/license,149,218
.org/protobuf/license,149,205
.dart,148,158504
.ino,148,6981
.examples,148,1420
.com/ghodss/yaml/license,148,271
.com/inconshreveable/mousetrap/license,148,217
.com/matttproud/golang_protobuf_extensions/pbutil/makefile,148,160
.clj,147,13453
.options,147,2958
.reg,147,1202
.7z,147,454
.org/api/license,147,241
.com/modern-go/concurrent/license,147,218
.com/modern-go/reflect2/license,147,218
.aux,146,733
.com/jmespath/go-jmespath/license,146,260
.com/golang/groupcache/license,146,220
.com/google/uuid/contributors,146,157
.org/x/sync/license,145,235
.idl,144,39125
.scssc,144,6217
.bin/mkdirp,144,534
.pug,143,6265
.sketch,143,372
.org/protobuf/patents,143,159
.org/protobuf/authors,143,157
.org/protobuf/contributors,143,157
.husky/commit-msg,143,144
.svn/entries,142,2377
.odg,142,1055
.win,142,975
.1/license,142,367
.com/golang/glog/license,142,286
.org/x/xerrors/license,142,181
.qml,141,16175
.ent,141,4598
.der,141,3123
.status,141,801
.release,141,252
.ttar,141,175
.python-version,141,163
.com/prometheus/procfs/ttar,141,152
.ml,140,28897
.com/jmespath/go-jmespath/makefile,140,201
.v3/notice,140,185
.bashrc,139,407
.com/imdario/mergo/license,139,247
.com/mattn/go-isatty/license,139,192
.org/x/time/authors,139,153
.org/x/time/contributors,139,153
.rd,138,15374
.asax,138,652
.mdown,138,318
.com/google/gofuzz/license,138,256
.snyk,138,236
.com/fsnotify/fsnotify/license,138,181
.org/x/xerrors/patents,138,145
.form,137,8796
.icc,137,851
.bpf,137,257
.org/x/sync/patents,137,165
.com/pkg/errors/makefile,137,148
.org/x/xerrors/readme,137,143
.svn-base,136,40937
.graphql,136,6494
.lnk,136,6397
.asciidoc,136,3906
.g,136,1141
.11,136,725
.bin/semver,136,688
.repo,135,695
.pydevproject,135,259
.bats,133,2707
.deb,133,2212
.rar,133,496
.resolved,133,379
.gcloudignore,133,358
.windows,133,330
.idx,132,14151
.pb,132,10031
.builder,132,1205
.io/apimachinery/license,132,240
.com/burntsushi/toml/copying,132,201
.bin/rimraf,130,409
.io/authors,130,146
.opt,129,10035
.jl,129,8305
.dbf,129,5104
.output,129,4386
.h5,129,2914
.proj,129,927
.pdn,129,893
.w32,129,249
.com/mailru/easyjson/license,129,219
.com/konsorten/go-windows-terminal-sequences/license,129,152
.com/fsnotify/fsnotify/authors,129,148
.org/api/authors,129,148
.org/api/contributors,129,148
.org/x/sync/authors,129,145
.org/x/sync/contributors,129,145
.scm,128,5362
.xlf,127,10956
.lang,127,8441
.tga,127,4180
.org/api/googleapi/internal/uritemplates/license,127,189
.v,126,26120
.pod,126,16602
.err,126,8374
.json5,126,3194
.code,126,775
.mac,126,714
.mingw,126,282
.bin/which,126,280
.io/client-go/license,126,239
.include,125,2235
.fig,125,1740
.mov,125,439
.bin/uglifyjs,125,283
.com/gogo/protobuf/protoc-gen-gogo/descriptor/makefile,125,159
.all-contributorsrc,125,145
.jst,124,4483
.cabal,124,1050
.gcc,124,642
.py~,124,581
.yamllint,124,282
.com/golang/glog/readme,124,187
.node-version,124,169
.com/gogo/protobuf/gogoproto/makefile,124,158
.workflow,124,150
.qm,123,3645
.cd,123,1724
.base,123,383
.bin/nopt,123,297
.swo,123,269
.com/google/btree/license,123,171
.com/dgrijalva/jwt-go/license,123,167
.tool-versions,123,136
.vb,122,85197
.shp,122,5491
.pkl,122,2011
.schema,122,1168
.com/go-openapi/jsonpointer/license,122,208
.com/go-openapi/jsonreference/license,122,208
.com/go-openapi/swag/license,122,208
.com/puerkitobio/purell/license,122,206
.com/puerkitobio/urlesc/license,122,206
.stylelintignore,122,154
.makefile,121,440
.io/api/license,121,243
.com/go-openapi/spec/license,121,186
.io/yaml/license,121,185
.tag,120,4203
.sgml,120,1466
.bin/esparse,120,408
.bin/esvalidate,120,401
.hxx,119,16141
.nsh,119,1375
.com/mattn/go-colorable/license,119,160
.org/x/net/html/charset/testdata/readme,119,142
.org/x/net/html/testdata/webkit/readme,119,142
.texi,118,2205
.rng,118,1993
.theme,118,999
.lintian-overrides,118,759
.apache2,118,437
.win32,118,344
.com/emicklei/go-restful/license,118,232
.com/burntsushi/toml/compatible,118,140
.stl,117,8810
.jsm,117,1608
.kml,117,999
.12,117,756
.com/googleapis/gnostic/license,117,195
.org/x/net/http2/h2demo/makefile,117,142
.org/x/net/http2/h2demo/readme,117,142
.msg,116,3880
.man,116,3092
.com/mitchellh/go-homedir/license,116,155
.com/golang/protobuf/makefile,116,133
.msc,115,565
.odp,115,485
.io/klog/license,115,194
.com/burntsushi/toml/makefile,115,136
.kokoro/docker/docs/dockerfile,115,115
.npy,114,2547
.mdb,114,615
.appxmanifest,114,610
.dump,113,6198
.gemfile,113,1370
.puml,113,1136
.drawio,113,426
.rhistory,113,395
.wsgi,113,281
.apache,113,257
.vimrc,113,245
.com/blang/semver/license,113,203
.shx,112,4490
.whl,112,1404
.elf,112,802
.com/emicklei/go-restful/srcfile,112,160
.org/x/net/webdav/internal/xml/readme,112,133
.z,111,5454
.thrift,111,2772
.factories,111,2029
.cbp,111,1437
.yapf,111,217
.com/gorilla/mux/license,111,214
.ruby-gemset,111,173
.com/golang/protobuf/protoc-gen-go/descriptor/makefile,111,130
.io/yaml/security_contacts,111,122
.erl,110,21165
.ext,110,1974
.war,110,762
.bin/js-yaml,110,231
.envrc,110,184
.com/golang/snappy/license,110,149
.st,109,335513
.slim,109,6923
.ls,109,1660
.cake,109,987
.postrm,109,937
.deps,109,924
.files,109,883
.unix,109,284
.io/apimachinery/pkg/apis/meta/v1/owners,109,144
.io/apimachinery/pkg/api/resource/owners,109,141
.toc,108,749
.rvmrc,108,138
.ppm,107,2593
.source,107,636
.timer,107,354
.1/readme,107,251
.com/gorilla/context/license,107,206
.io/utils/license,107,160
.phtml,106,19954
.module,106,8641
.jbuilder,106,1949
.socket,106,486
.bin/uuid,106,252
.bundle/config,106,133
.io/klog/security_contacts,106,121
.com/gogo/protobuf/golang_contributors,106,117
.aar,105,2966
.vc,105,1762
.app/contents/pkginfo,105,299
.docker,105,229
.io/apimachinery/pkg/api/meta/owners,105,138
.ipp,104,22089
.mtl,104,4025
.dic,104,1717
.target,104,1143
.20,104,458
.lgpl,104,220
.io/apimachinery/pkg/api/errors/owners,104,137
.com/hashicorp/hcl/license,104,136
.org/x/mod/license,104,110
.tld,103,2584
.shproj,103,544
.mms,103,506
.pubxml,103,384
.2/license,103,342
.development,103,140
.io/client-go/rest/owners,103,133
.com/golang/snappy/authors,103,125
.com/golang/snappy/contributors,103,125
.org/x/mod/patents,103,106
.pump,102,1335
.framework/versions/current,102,699
.projitems,102,526
.links,102,381
.darwin,102,187
.deflate,102,169
.io/client-go/tools/metrics/owners,102,132
.io/client-go/transport/owners,102,132
.com/prometheus/client_model/ruby/license,102,125
.com/go/authors,102,122
.com/go/contributors,102,122
.sig,101,12702
.rpm,101,5183
.layout,101,2364
.logrotate,101,413
.gpl,101,275
.0/copying,101,220
.realpath/license,101,184
.com/pborman/uuid/license,101,177
.protobuf,101,161
.io/kube-openapi/license,101,133
.com/peterbourgon/diskv/license,101,129
.org/x/net/readme,101,124
.com/golang/snappy/readme,101,122
.phpt,100,14549
.cl,100,7995
.ppt,100,579
.command,100,345
.natvis,100,308
.com/ugorji/go/license,100,185
.gzip,100,181
.com/evanphx/json-patch/license,100,172
.com/emicklei/go-restful/makefile,100,121
.gem,99,4461
.psd1,99,506
.pkg,98,2797
.13,98,561
.debug,98,444
.osx,98,175
.com/googleapis/gax-go/v2/license,98,147
.com/gorilla/websocket/license,98,147
.jinja,97,2521
.stub,97,1335
.file,97,272
.com/docker/distribution/license,97,170
.com/hashicorp/hcl/makefile,97,122
.git-id,96,6892
.rss,96,410
.tern-project,96,298
.solaris,96,196
.com/go-logr/logr/license,96,161
.gitconfig,96,159
.com/pborman/uuid/contributors,96,150
.lisp,95,6720
.nc,95,2205
.graphml,95,1092
.framework/headers,95,654
.container,95,375
.js~,95,303
.rproj,95,264
.os2,95,249
.freebsd,95,208
.com/docker/docker/license,95,166
.com/hashicorp/go-cleanhttp/license,95,162
.org/atomic/makefile,95,104
.resources,94,1884
.gen,94,750
.todo,94,528
.un~,94,375
.xcbkptlist,94,202
.com/docker/docker/notice,94,156
.sublime-workspace,94,132
.exs,93,7719
.tests,93,2105
.defaults,93,839
.bazelversion,93,160
.rbuildignore,93,148
.ref,92,9798
.inp,92,6063
.crl,92,2687
.apt,92,1928
.pack,92,1502
.component,92,566
.ubuntu,92,213
.com/go-ini/ini/license,92,158
.production,92,147
.org/x/text/collate/tools/colcmp/makefile,92,106
.adb,91,16457
.original,91,1623
.dep,91,1533
.framework/resources,91,425
.egg,91,399
.1/makefile,91,216
.com/docker/go-units/maintainers,91,146
.com/golang/protobuf/proto/testdata/makefile,91,115
.handlebars,90,3152
.sdf,90,1427
.mc,90,255
.com/gorilla/websocket/authors,90,109
.fasta,89,3565
.liquid,89,1850
.aidl,89,1451
.sym,89,1092
.14,89,534
.goconvey,89,377
.msi,89,257
.jsbeautifyrc,89,136
.org/x/term/license,89,130
.github/pull_request_template,89,123
.vbproj,88,16871
.fa,88,12165
.p,88,7752
.3/license,88,480
.2/readme,88,185
.firebaserc,88,153
.org/grpc/patents,88,151
.org/x/sys/unix/linux/dockerfile,88,107
.ads,87,15980
.sch,87,9325
.vsprops,87,1045
.la,87,714
.ci,87,643
.15,87,522
.net,87,380
.org/x/lint/license,87,116
.io/client-go/tools/cache/owners,87,111
.blend,86,778
.04,86,325
.bin/mime,86,184
.tern-port,86,157
.,86,152
.rdb,85,3143
.eml,85,808
.rl,85,615
.txt~,85,485
.jsdtscope,85,358
.v1/authors,85,108
.io/apimachinery/pkg/util/mergepatch/owners,85,101
.io/apimachinery/pkg/util/strategicpatch/owners,85,101
.io/apimachinery/third_party/forked/golang/json/owners,85,101
.ttl,84,31600
.mli,84,14356
.sha256,84,1678
.jinja2,84,959
.ipr,84,919
.16,84,607
.22,84,381
.vscodeignore,84,280
.targ,84,232
.git,84,175
.io/klog/v2/license,84,129
.com/pelletier/go-toml/license,84,108
.ics,83,7291
.http,83,768
.jmx,83,759
.img,83,472
.rpath,83,149
.com/onsi/gomega/license,83,140
.com/docker/go-units/license,83,137
.com/hashicorp/go-multierror/license,83,125
.swift-version,83,108
.xyz,82,4641
.desc,82,895
.bst,82,362
.mysql,82,358
.com/onsi/ginkgo/license,82,144
.org/x/sys/readme,82,105
.depend,81,1411
.import-restrictions,81,497
.21,81,375
.com/magiconair/properties/license,81,102
.xmi,80,5946
.vcf,80,2769
.svn/all-wcprops,80,1995
.npz,80,1631
.4/license,80,493
.menu,80,409
.ember-cli,80,220
.com/coreos/go-systemd/license,80,165
.com/hashicorp/errwrap/license,80,122
.com/microsoft/go-winio/license,80,121
.doap,80,111
.v2,79,9052
.flac,79,921
.stylecop,79,586
.groupproj,79,390
.cache/requests,79,143
.ll,78,53242
.fsproj,78,953
.pegjs,78,222
.shfbproj,78,214
.bin/sshpk-conv,78,155
.5/license,78,138
.com/docker/go-connections/license,78,117
.com/aws/aws-sdk-go/internal/sync/singleflight/license,78,116
.io/apiextensions-apiserver/license,78,109
.hlsl,77,3437
.xap,77,291
.cmakein,77,290
.bor,77,249
.wixproj,77,238
.xccheckout,77,200
.processor,77,185
.asp,76,1139
.te,76,472
.tmlanguage,76,311
.0/changelog,76,271
.0/makefile,76,268
.sas,76,220
.htpasswd,76,136
.io/structured-merge-diff/v4/license,76,115
.com/go-ini/ini/makefile,76,106
.defs,75,1439
.fnt,75,715
.content,75,703
.prerm,75,629
.sec,75,481
.qss,75,454
.vms,75,277
.bin/acorn,75,270
.0/dockerfile,75,226
.xml~,75,151
.coverage,75,115
.uuid/license,75,105
.tree,74,5901
.args,74,2946
.xs,74,1015
.cat,74,477
.checkstyle,74,377
.buckconfig,74,219
.bin/sshpk-sign,74,151
.bin/sshpk-verify,74,151
.4/readme,74,135
.cvs,74,133
.prod,74,133
.changes,73,1039
.m4a,73,479
.jj,73,379
.appcache,73,182
.com/juju/ratelimit/license,73,129
.com/alecthomas/units/copying,73,115
.co/go/tools/license,73,101
.model,72,2968
.gpr,72,2304
.afm,72,1834
.plugin,72,1080
.wiki,72,810
.vsd,72,612
.18,72,380
.aps,72,297
.avi,72,254
.3/readme,72,146
.tm_properties,72,130
.com/coreos/pkg/license,72,125
.com/onsi/ginkgo/reporters/stenographer/support/go-colorable/license,72,115
.com/onsi/ginkgo/reporters/stenographer/support/go-isatty/license,72,110
.xbm,71,3610
.replay,71,993
.priv,71,866
.me,71,467
.tc,71,345
.bk,71,206
.gdb,71,190
.dj2,71,154
.json~,71,136
.com/go-logfmt/logfmt/license,71,105
.bas,70,8136
.19,70,603
.upstart,70,352
.schemas,70,262
.1/copying,70,134
.textproto,69,8286
.vala,69,5483
.rdata,69,4283
.cf,69,3177
.njk,69,2568
.lds,69,1355
.html~,69,226
.dummy,69,208
.fcgi,69,206
.0/configure,69,152
.com/coreos/pkg/notice,69,112
.com/coreos/etcd/license,69,104
.dds,68,4806
.svgz,68,1175
.simple,68,470
.rhtml,67,4819
.rnc,67,1774
.hdr,67,732
.wat,67,724
.cbproj,67,465
.master,67,347
.cron,67,162
.riscos,67,132
.com/opencontainers/runc/license,67,120
.com/burntsushi/toml/cmd/toml-test-decoder/copying,67,105
.com/burntsushi/toml/cmd/toml-test-encoder/copying,67,105
.com/burntsushi/toml/cmd/tomlv/copying,67,105
.sc,66,5501
.fxml,66,3118
.tbl,66,2302
.fits,66,2091
.gpx,66,1531
.fsx,66,1360
.xpi,66,704
.dependencies,66,555
.ogv,66,336
.yy,66,336
.23,66,329
.scpt,66,251
.contrib,66,126
.v2/copying,66,104
.com/alecthomas/template/license,66,103
.asset,65,56752
.result,65,31182
.bb,65,26942
.uml,65,403
.sin,65,367
.17,65,362
.25,65,308
.emx,65,213
.doxygen,65,201
.runsettings,65,201
.bbl,65,187
.com/opencontainers/runc/notice,65,104
.nt,64,4683
.elm,64,2634
.bundle,64,2178
.off,64,1106
.avsc,64,753
.rsp,64,532
.cygwin,64,121
.mid,63,3912
.want,63,1275
.jsonl,63,583
.extension,63,531
.fc,63,275
.applescript,63,236
.pth,63,222
.bash-completion,63,179
.doxyfile,63,178
.bash_profile,63,107
.dae,62,3259
.jsonnet,62,2854
.pde,62,2301
.jnlp,62,1194
.doxy,62,501
.internal,62,491
.app,62,351
.history,62,206
.2/dockerfile,62,187
.lzma,62,166
.autosave,62,158
.686,62,106
.pubkey,62,104
.macos,62,101
.sol,61,9501
.pyd,61,1764
.rda,61,1101
.tfvars,61,892
.h~,61,244
.alpine,61,174
.1/changelog,61,149
.fx,60,2086
.edn,60,912
.vs,60,865
.control,60,567
.pbxuser,60,228
.egg-info/not-zip-safe,60,181
.epub,60,173
.dir,60,153
.macosx,60,111
.pup,60,101
.symbols,59,24940
.wrap,59,3312
.razor,59,2219
.tst,59,1906
.vtt,59,1363
.dist-info/metadata,59,1040
.gltf,59,880
.msvc,59,475
.gv,59,374
.sgi,59,220
.1/dockerfile,59,189
.dmg,59,171
.ide,59,106
.ebuild,58,39258
.svelte,58,5439
.dist-info/wheel,58,1041
.glb,58,763
.pgm,58,640
.preinst,58,374
.rc2,58,280
.foo,58,200
.webapp,58,153
.gdbinit,58,135
.pk,58,133
.pid,58,109
.com/opencontainers/runc/libcontainer/user/maintainers,58,107
.snippets,57,3150
.es6,57,1861
.sav,57,1586
.dsc,57,814
.jnilib,57,361
.24,57,306
.com/boltdb/bolt/license,57,101
.re,56,2305
.parquet,56,1346
.dist-info/record,56,1010
.flex,56,597
.marks,56,432
.vsixmanifest,56,311
.dj,56,250
.xcscmblueprint,56,146
.0/changes,56,117
.vhd,55,7137
._,55,4141
.packages,55,395
.zshrc,55,173
.bazelignore,55,136
.check_cache,55,125
.page,54,5309
.pcap,54,3039
.shader,54,2059
.bc,54,1135
.tap,54,1109
.es,54,1067
.api,54,1031
.sys,54,755
.pxi,54,709
.php~,54,390
.pxm,54,351
.private,54,127
.v4/license,54,114
.2/makefile,54,107
.bin/rc,54,105
.plo,53,6477
.perl,53,1599
.datasource,53,1558
.bed,53,1545
.unity,53,1278
.table,53,798
.pre,53,403
.setup,53,330
.arm64,53,268
.initd,53,233
.doc-base,53,181
.aix,53,123
.mmdb,53,107
.com/codegangsta/cli/license,53,106
.tlog,52,2476
.root,52,1629
.fai,52,503
.hidden,52,233
.bin/json5,52,223
.if,52,156
.3/dockerfile,52,146
.amiga,52,128
.yarnclean,52,118
.substvars,52,117
.openbsd,52,105
.expect,51,35916
.run,51,3100
.cfm,51,2101
.tcc,51,1139
.gp,51,797
.xcdatamodel/contents,51,664
.iws,51,319
.testsettings,51,201
.ext2,51,188
.android,51,153
.override,51,136
.csv#,51,135
.io,51,132
.alias,51,121
.mwb,51,117
.comp,50,10655
.snippet,50,812
.req,50,543
.cpg,50,470
.std,50,417
.srt,50,335
.help,50,280
.gperf,50,276
.26,50,268
.stamp,50,225
.all,50,219
.idb,50,214
.attr,50,196
.lex,50,144
.vdproj,50,135
.string/rakefile,50,125
.3ctype,50,106
.blg,50,106
.sha512,49,4479
.myapp,49,4258
.bam,49,3036
.ascx,49,2474
.hrl,49,2132
.cql,49,1857
.opam,49,298
.copy,49,204
.ext3,49,130
.netbsd,49,107
.hx,48,15469
.bcmap,48,13104
.dex,48,1731
.utf8,48,1598
.ss,48,1356
.base64,48,1293
.dpr,48,998
.fbx,48,949
.shtml,48,733
.ap_,48,544
.svn/format,48,430
.xjb,48,372
.28,48,270
.27,48,269
.errors,48,255
.workspace,48,251
.ext1,48,243
.interp,48,230
.wxi,48,202
.bin/strip-ansi,48,165
.server,48,127
.string/gemfile,48,122
.gn,47,10148
.owl,47,4193
.tmx,47,2542
.ahk,47,2302
.par,47,1042
.keepme,47,664
.prop,47,289
.iso,47,180
.vsdx,47,129
.vsmdi,47,122
.baseline,46,5071
.ok,46,2043
.vspscc,46,1726
.aff,46,1120
.includecache,46,370
.modules,46,338
.shared,46,208
.peg,46,194
.cpp~,46,186
.ja,46,178
.templates,46,151
.sv,45,7642
.ddl,45,7566
.gml,45,6379
.cljs,45,4985
.cuh,45,2489
.stderr,45,1834
.stdout,45,1330
.hdf5,45,1212
.geom,45,1200
.gmo,45,1081
.dist-info/installer,45,818
.docbook,45,718
.lint,45,353
.arm,45,289
.id,45,254
.merlin,45,196
.xlsm,45,191
.hqx,45,168
.bin/supports-color,45,138
.dvi,45,136
.bin/jsesc,45,124
.intel,45,112
.vsconfig,45,107
.scr,44,679
.transform,44,548
.work,44,519
.vapi,44,474
.path,44,466
.dxf,44,442
.wmf,44,411
.0/rakefile,44,306
.mkv,44,218
.document,44,194
.bkp,44,183
.4/dockerfile,44,135
.dos,44,135
.x86_64,44,129
.sysconfig,44,119
.ncb,44,114
.jq,44,110
.0/version,44,109
.factorypath,44,105
.xliff,43,1342
.hook,43,916
.01,43,701
.lyx,43,358
.dec,43,343
.apib,43,318
.rsa,43,302
.exclude,43,254
.lastbuildstate,43,254
.fr,43,170
.plg,43,145
.engine,43,141
.site,43,140
.acorn,43,134
.com/godbus/dbus/license,43,105
.2/changelog,43,104
.pbtxt,42,10212
.nb,42,2096
.bai,42,1374
.job,42,760
.lhs,42,694
.references,42,672
.jenkinsfile,42,531
.data-00000-of-00001,42,503
.seq,42,427
.avro,42,415
.gox,42,323
.fbp,42,315
.google,42,280
.afdesign,42,276
.nunit,42,211
.cross,42,143
.nginx,42,104
.tags,41,2980
.dcm,41,1491
.dfm,41,1475
.pbm,41,1221
.bsh,41,1077
.metal,41,912
.pt,41,907
.aj,41,710
.ver,41,414
.axml,41,403
.pfb,41,355
.cson,41,348
.error,41,302
.xcplayground,41,217
.hhp,41,207
.30,41,164
.dist-info/zip-safe,41,138
.changelog,41,114
.framework/modules,41,114
.back,41,109
.ttc,41,109
.rds,40,140538
.gql,40,24292
.jam,40,4799
.lo,40,2357
.spv,40,2042
.temp,40,701
.min,40,698
.phps,40,601
.bcc,40,535
.isl,40,516
.xdt,40,467
.p7s,40,412
.fbs,40,376
.ks,40,337
.mime,40,328
.ashx,40,284
.tmpreferences,40,227
.bin/browserslist,40,162
.32,40,160
.generic,40,125
.bin/has-ansi,40,119
.atom,40,104
.tasks,40,103
.scad,39,1864
.pgp,39,1281
.pcx,39,745
.b,39,706
.stp,39,699
.e,39,575
.dirstamp,39,553
.param,39,506
.wkt,39,405
.gliffy,39,390
.unx,39,300
.post,39,298
.swagger-codegen-ignore,39,291
.amd64,39,272
.de,39,201
.imp,39,166
.c~,39,157
.pam,39,141
.static,39,113
.6/dockerfile,39,106
.1/configure,39,102
.flags,38,2737
.tsbuildinfo,38,1857
.mcmeta,38,1479
.zone,38,1015
.drl,38,763
.filter,38,733
.qpj,38,670
.partial,38,523
.lp,38,440
.en,38,375
.product,38,315
.ninja,38,305
.extra,38,240
.hhc,38,201
.mask,38,138
.svnignore,38,124
.bin/loose-envify,38,114
.disable,38,112
.sco,38,101
.sls,37,2465
.mesh,37,1568
.ms,37,638
.xul,37,559
.ascii,37,554
.swc,37,295
.plt,37,204
.ind,37,193
.bpr,37,192
.xccurrentversion,37,150
.lck,37,144
.ilk,37,142
.protocol,37,125
.pyproj,37,116
.dts,36,5658
.bnd,36,4301
.dmp,36,2815
.libsonnet,36,2513
.frm,36,1670
.jp2,36,1070
.top,36,1006
.tbi,36,825
.asd,36,702
.cocci,36,459
.hash,36,406
.loc,36,401
.style,36,367
.sbn,36,328
.mll,36,319
.keys,36,306
.templ,36,234
.handlers,36,195
.confd,36,174
.state,36,157
.bar,36,151
.num,36,145
.ppc,36,132
.tdnet,36,115
.autotest,36,108
.gold,35,8349
.jsonld,35,5241
.jrxml,35,1379
.jsonc,35,968
.star,35,735
.au,35,464
.ply,35,445
.svc,35,413
.gnuplot,35,375
.graphqls,35,346
.sbx,35,315
.mem,35,250
.latex,35,228
.gotmpl,35,174
.its,35,166
.vssscc,35,135
.centos,35,134
.custom,35,130
.prefab,34,22607
.fastq,34,4669
.ds,34,2200
.mdl,34,860
.gff,34,330
.vsix,34,223
.skeleton,34,217
.29,34,167
.aiff,34,161
.d/readme,34,151
.broken,34,149
.b64,34,142
.car,34,129
.bin/babylon,34,117
.epf,34,109
.code-snippets,34,107
.framework/_codesignature/coderesources,34,105
.aml,33,3657
.bbappend,33,3303
.robot,33,2528
.cljc,33,1179
.ecore,33,771
.eex,33,735
.good,33,708
.ec,33,614
.asn1,33,603
.rockspec,33,418
.versionsbackup,33,390
.add,33,331
.versions,33,281
.mount,33,235
.params,33,171
.binary,33,148
.1/rakefile,33,127
.lproj,33,125
.go/license,33,101
.csl,32,31095
.prof,32,5067
.sf,32,3432
.cif,32,3099
.report,32,2167
.sld,32,1891
.br,32,1262
.network,32,1089
.exsd,32,1010
.xdc,32,820
.hdf,32,809
.crc,32,782
.smd,32,654
.mmp,32,486
.gs,32,462
.rnw,32,443
.sdl,32,386
.mly,32,280
.nanorc,32,248
.02,32,195
.py3,32,184
.copyright,32,167
.dif,32,156
.osm,32,156
.cab,32,148
.bin/webpack,32,144
.ctl,31,14217
.pbf,31,3321
.pak,31,1764
.cr,31,1517
.xq,31,922
.tpp,31,790
.3ds,31,636
.vsh,31,508
.raml,31,451
.swiftdoc,31,440
.crx,31,402
.swiftmodule,31,368
.bbclass,31,357
.sage,31,288
.truststore,31,270
.csx,31,257
.hhk,31,177
.pip,31,165
.vcl,31,140
.lsm,31,139
.31,31,116
.33,31,113
.ndjson,30,4118
.avif,30,789
.04/dockerfile,30,690
.tgt,30,630
.names,30,629
.il,30,510
.sl,30,419
.ronn,30,384
.spl,30,351
.mdf,30,345
.gtf,30,293
.skel,30,199
.mng,30,177
.sublime-syntax,30,167
.40,30,134
.ldf,30,133
.35,30,123
.mar,30,114
.pac,30,107
.deploy,29,13015
.arff,29,2487
.gni,29,2136
.chromium,29,1660
.exr,29,1524
.sam,29,1066
.bson,29,966
.ucls,29,656
.bdf,29,327
.soy,29,311
.cfs,29,258
.wxl,29,256
.0/gemfile,29,206
.gcode,29,174
.sublime-settings,29,170
.omf,29,157
.pages,29,156
.gitrepo,29,123
.3/rakefile,29,122
.34,29,116
.exports,28,4560
.misc,28,3614
.dproj,28,1156
.link,28,1111
.jison,28,1067
.ft,28,857
.prf,28,599
.nw,28,535
.asmdef,28,479
.snapshot,28,477
.imports,28,474
.prm,28,382
.any,28,381
.zst,28,253
.disco,28,189
.2/rakefile,28,173
.set,28,155
.ids,28,138
.textlintrc,28,117
.full,28,112
.vsct,28,111
.vtk,27,13725
.lockfile,27,4310
.bugfix,27,3355
.overrides,27,3168
.q,27,2721
.flf,27,2499
.n,27,2487
.jelly,27,2091
.str,27,1412
.nim,27,1337
.ctags,27,1249
.pcf,27,642
.at,27,601
.kicad_pcb,27,374
.genmodel,27,354
.aac,27,352
.tac,27,335
.orc,27,320
.svcinfo,27,316
.pf,27,289
.do,27,267
.gpkg,27,262
.dsl,27,252
.brd,27,241
.rgb,27,201
.bck,27,171
.svcmap,27,167
.vars,27,166
.opus,27,162
.wpj,27,155
.blend1,27,113
.label,27,112
.64,27,107
.plantuml,27,105
.store,27,103
.after,26,18844
.td,26,9646
.icf,26,2766
.stats,26,1376
.msh,26,1089
.cp,26,942
.rabl,26,911
.mxml,26,734
.rkt,26,712
.xctimeline,26,665
.sml,26,595
.swig,26,583
.mts,26,519
.core/nonchainingjarscache,26,516
.application,26,473
.j,26,468
.stringsdict,26,423
.rom,26,407
.chk,26,395
.repository,26,388
.emf,26,352
.pmd,26,319
.dfa,26,302
.m3u,26,244
.mediawiki,26,168
.capnp,26,163
.head,26,140
.dcf,26,121
.dgml,26,114
.4/rakefile,26,103
.ad,25,16558
.xtend,25,6541
.cfc,25,4036
.ncrunchproject,25,788
.repositories,25,779
.vc6,25,654
.tfstate,25,599
.stat,25,555
.stg,25,518
.uxf,25,472
.cmp,25,456
.tflite,25,418
.lnx,25,385
.jspx,25,384
.cli,25,374
.heic,25,345
.results,25,228
.nav,25,187
.copycomplete,25,155
.fmt,25,151
.mmd,25,148
.mpl,25,143
.syn,25,143
.kdevelop,25,125
.readonly,25,124
.bcf,25,108
.psp,25,103
.systemd,25,103
.check,24,12156
.fsh,24,6547
.reference,24,4611
.variables,24,3075
.hlp,24,1513
.provides,24,895
.aif,24,777
.vstemplate,24,514
.swg,24,412
.licenseheader,24,308
.pnm,24,294
.ssl,24,281
.rule,24,264
.font,24,219
.footer,24,138
.asv,24,135
.preset,24,135
.pbs,24,134
.nfo,24,132
.native,24,127
.clean,24,125
.cdr,24,122
.ldb,24,113
.texinfo,24,111
.icon,23,4392
.bpmn,23,2874
.ko,23,1414
.qdoc,23,1331
.rjs,23,1179
.sparql,23,1055
.bp,23,928
.gsp,23,898
.ep,23,842
.pat,23,738
.zlib,23,652
.abap,23,646
.dta,23,462
.ttinclude,23,386
.psf,23,374
.specs,23,309
.jspf,23,230
.pos,23,224
.swagger-codegen/version,23,224
.obo,23,209
.terms,23,190
.wrl,23,173
.git/config,23,162
.epp,23,149
.50,23,144
.order,23,143
.mcp,23,134
.client,23,133
.environment,23,128
.c++,23,101
.recipe,22,16448
.ql,22,13742
.ast,22,10536
.n3,22,3474
.fixed,22,2596
.sunwcch,22,2192
.mtx,22,1615
.vrt,22,1551
.gbs,22,1390
.gb,22,1233
.core,22,1130
.sct,22,953
.fzz,22,942
.hxml,22,589
.escript,22,543
.torrent,22,502
.pd,22,493
.nd,22,402
.for,22,388
.fq,22,342
.tmtheme,22,307
.lic,22,297
.nocover,22,284
.openapi-generator-ignore,22,238
.autopkg,22,222
.lasso,22,194
.timestamp,22,183
.moved,22,174
.zargo,22,173
.git/head,22,162
.playlist,22,135
.package,22,112
.cpu,22,110
.mapping,22,105
.qbk,21,36464
.vbp,21,23542
.rq,21,22641
.yang,21,6987
.mol,21,3955
.time,21,2777
.mappings,21,2497
.response,21,1778
.fix,21,1167
.p7m,21,1051
.geo,21,789
.ktx,21,642
.gff3,21,394
.rxml,21,363
.controller,21,343
.hmap,21,270
.scc,21,261
.dist-info/license,21,240
.mdp,21,237
.webloc,21,229
.ston,21,199
.pcm,21,192
.pref,21,191
.mht,21,162
.diagram,21,141
.sb,21,118
.slnf,21,112
.njsproj,21,111
.xpr,21,110
.prg,20,5035
.nq,20,3523
.hint,20,3203
.webidl,20,1130
.pyo,20,656
.nex,20,599
.int,20,573
.grd,20,538
.vcp,20,422
.ttx,20,405
.sdc,20,404
.pcapng,20,312
.asmx,20,271
.rpc,20,268
.lastcodeanalysissucceeded,20,217
.pal,20,215
.os,20,206
.prc,20,204
.ucf,20,199
.xpt,20,183
.cast,20,182
.icm,20,158
.chain,20,154
.cscfg,20,152
.xsc,20,152
.arm64v8,20,136
.extensionmodule,20,135
.dcr,20,128
.wsdd,20,115
.providers,20,104
.exec,20,102
.blob,20,101
.tesc,19,1708
.anim,19,1453
.image,19,1424
.tese,19,1056
.global,19,612
.resw,19,462
.story,19,447
.srv,19,409
.kv,19,314
.pg,19,282
.bug,19,273
.fo,19,272
.xmp,19,259
.m~,19,248
.routes,19,234
.atlas,19,217
.bf,19,209
.centos7,19,189
.x/makefile,19,173
.vh,19,170
.obs,19,157
.2/gemfile,19,154
.pig,19,152
.cpt,19,142
.bin/parser,19,136
.filesystemprovider,19,130
.m3u8,19,116
.aip,19,115
.matrix,19,113
.nrm,19,106
.sp,18,1531
.cjsx,18,1484
.urdf,18,1458
.smt2,18,1257
.function,18,981
.ch,18,875
.ufm,18,857
.cue,18,817
.resource,18,785
.cram,18,776
.sts,18,738
.material,18,616
.mexmaci64,18,583
.features,18,482
.system,18,470
.warning,18,419
.qgs,18,393
.mllib,18,351
.fon,18,344
.ant,18,329
.ani,18,288
.incl,18,277
.gts,18,267
.si,18,254
.mjml,18,208
.vpp,18,195
.seed,18,171
.jsdoc,18,167
.xss,18,163
.graph,18,157
.php-dist,18,153
.fl,18,146
.bootstrap,18,138
.dof,18,135
.gui,18,127
.auth,18,126
.git/description,18,126
.mld,18,117
.git/info/exclude,18,114
.vbw,18,114
.mp,18,111
.dtx,18,104
.exists,18,104
.headers,17,14546
.elc,17,7910
.trig,17,4123
.rdx,17,3014
.au3,17,2483
.ans,17,2189
.asn,17,1822
.filetree,17,1430
.pcss,17,1430
.generated,17,1011
.gin,17,945
.vec,17,698
.tmsnippet,17,611
.jasper,17,594
.edited,17,553
.gbr,17,526
.mexw64,17,474
.fp,17,427
.des,17,426
.insecure,17,403
.mrc,17,374
.fragment,17,292
.specification,17,266
.slurm,17,248
.step,17,205
.fail,17,198
.group,17,195
.treetop,17,192
.boot,17,190
.cube,17,156
.w,17,145
.rml,17,139
.winmd,17,136
.vcw,17,128
.xcfilelist,17,111
.txx,16,8043
.dtsi,16,4738
.prototxt,16,4710
.plan,16,2745
.qbs,16,2457
.meta/package,16,1405
.mps,16,1033
.prisma,16,883
.beam,16,856
.core/invalidarchivescache,16,479
.avdl,16,452
.mst,16,408
.removal,16,403
.kicad_mod,16,314
.rego,16,299
.fna,16,296
.ftlh,16,295
.gdf,16,294
.dem,16,267
.con,16,264
.tim,16,260
.rels,16,243
.openapi-generator/version,16,227
.pyf,16,216
.bw,16,209
.logic,16,187
.mock,16,159
.mno,16,156
.lpr,16,155
.ace,16,150
.bytes,16,147
.color,16,145
.git/refs/heads/master,16,131
.mplstyle,16,125
.var,16,120
.fd,16,112
.jflex,16,109
.regex,16,108
.rest,16,106
.ori,16,103
.gbl,16,102
.cov,15,54278
.ctp,15,7951
.cwl,15,4539
.lean,15,4342
.unit,15,4040
.sm,15,2113
.lm,15,1808
.wast,15,1650
.action,15,1593
.i18n,15,1195
.request,15,1187
.marker,15,1139
.purs,15,1112
.change,15,922
.dpk,15,917
.sd,15,553
.msgpack,15,513
.zsh-theme,15,407
.har,15,399
.mol2,15,312
.load,15,282
.xrc,15,277
.js_,15,272
.vagrant,15,240
.ase,15,222
.mif,15,216
.view,15,208
.rhel7,15,203
.utf-8,15,191
.fw,15,187
.lpi,15,176
.icu,15,149
.mom,15,148
.sjs,15,137
.maf,15,135
.jvm,15,125
.dist-info/requested,15,122
.3gp,15,113
.nowignore,15,112
.xar,15,106
.java~head,15,103
.summary,15,101
.wld,14,32504
.stan,14,5517
.ly,14,3164
.zig,14,2190
.tla,14,1793
.prolog,14,1792
.overlay,14,1653
.uc,14,1154
.bt,14,1038
.tml,14,923
.query,14,847
.cg,14,813
.sq,14,727
.isolate,14,621
.one,14,618
.sci,14,529
.gfs,14,509
.praat,14,475
.meta/version,14,452
.export,14,444
.em,14,442
.lng,14,434
.nml,14,383
.terminal,14,364
.ssp,14,349
.md2,14,315
.vtu,14,242
.wip,14,236
.rsc,14,229
.rev,14,189
.batch,14,187
.type,14,184
.icloud,14,167
.mkdn,14,165
.install4j,14,164
.lcf,14,145
.hsc,14,144
.mwe2,14,143
.vhdl,14,143
.skp,14,139
.hi,14,138
.ph,14,135
.trans,14,126
.rout,14,125
.qdocconf,14,124
.world,14,123
.pin,14,122
.tm,14,122
.3-r1,14,121
.topojson,14,115
.pattern,14,111
.rm,14,111
.mw,14,107
.js/lib/font/source-sans-pro/license,14,106
.note,14,102
.qix,14,101
.ovpn,13,34175
.dm,13,14058
.sqf,13,11865
.fst,13,11236
.abi,13,2376
.ycp,13,2059
.lfm,13,1591
.delta,13,1505
.vp,13,1063
.gro,13,948
.nasm,13,850
.gd,13,673
.mof,13,650
.uvproj,13,622
.mexa64,13,544
.cob,13,521
.ptx,13,478
.ppd,13,435
.tps,13,376
.svd,13,362
.0-r1,13,323
.eap,13,307
.v10,13,295
.schematic,13,292
.dbc,13,289
.scd,13,280
.3mf,13,268
.idr,13,247
.f95,13,244
.1-r1,13,226
.gc,13,211
.aird,13,206
.sky,13,192
.task,13,186
.scene,13,170
.cnd,13,151
.fit,13,149
.qmltypes,13,138
.delete,13,135
.loadableextension,13,128
.syntax,13,119
.avpr,13,117
.grammar,13,114
.mbox,13,109
.tfrecord,13,108
.ne,13,106
.js/lib/font/league-gothic/license,13,105
.fas,13,104
.marshal,13,104
.message,13,103
.al,12,2098
.sip,12,1448
.php3,12,1204
.jav,12,1101
.cdl,12,923
.crai,12,646
.wrong,12,511
.markers,12,477
.messages,12,455
.dom,12,405
.grid,12,403
.trc,12,400
.u,12,398
.rep,12,388
.scn,12,322
.wdl,12,284
.xshd,12,232
.stencil,12,226
.ioc,12,211
.bdsproj,12,200
.tr,12,197
.ps1xml,12,196
.nas,12,193
.seg,12,185
.busted,12,183
.trigger,12,181
.arc,12,163
.faa,12,154
.description,12,150
.dasc,12,149
.rsync,12,147
.srcinfo,12,147
.2-r1,12,144
.dictionary,12,144
.idraw,12,143
.cfe,12,142
.rptdesign,12,134
.cpp_,12,130
.stop,12,130
.th,12,122
.bench,12,113
.download,12,112
.rpt,12,109
.ixx,12,108
.rgba,12,104
.unitypackage,12,104
.in1,12,102
.checksum,11,56565
.xnb,11,12095
.cypher,11,8440
.mml,11,4941
.mdwn,11,3072
.items,11,2973
.nii,11,2236
.tes,11,2031
.slackbuild,11,1759
.poly,11,1490
.ys,11,1268
.ngc,11,1261
.dmn,11,1196
.xpl,11,1122
.sqm,11,1051
.dyn,11,1017
.fsi,11,950
.ewp,11,904
.wml,11,869
.gpi,11,784
.hjson,11,781
.drv,11,742
.sax,11,728
.eww,11,718
.ice,11,714
.wxss,11,676
.arb,11,617
.dtl,11,573
.sif,11,515
.uvopt,11,494
.cbor,11,493
.nf,11,472
.my,11,445
.axaml,11,417
.projbuild,11,416
.hg,11,415
.mexglx,11,409
.lastupdated,11,401
.bkl,11,383
.mlx,11,345
.ctx,11,337
.rul,11,325
.netdev,11,303
.fixture,11,261
.rchit,11,257
.ttt,11,251
.axlsx,11,237
.bmml,11,232
.sublime-completions,11,230
.pvr,11,216
.jpe,11,210
.tl,11,209
.pcb,11,199
.sha256sum,11,188
.val,11,188
.refresh,11,183
.ion,11,179
.svh,11,175
.scf,11,171
.cml,11,163
.moon,11,160
.ibd,11,157
.pbxbtree,11,146
.cal,11,139
.sim,11,134
.uu,11,134
.mpd,11,124
.flt,11,114
.ti,11,114
.amf,11,112
.descr,11,112
.email,11,112
.tbx,11,112
.manual,11,110
.xml_gen,11,103
.glif,10,200988
.marko,10,8634
.dita,10,7374
.jhm,10,5021
.flat,10,4961
.canonical,10,2270
.ic,10,1621
.vi,10,1279
.3tiff,10,1176
.lcl,10,891
.lut,10,655
.vtp,10,655
.board,10,630
.ewd,10,569
.regexp,10,535
.sreq,10,506
.core/externallibstimestamps,10,504
.creq,10,465
.authz,10,459
.mexw32,10,418
.mexmaci,10,355
.cginc,10,328
.dx,10,327
.uts,10,308
.sdp,10,306
.zh,10,274
.thtml,10,267
.ibm,10,257
.mt,10,215
.asis,10,189
.rgen,10,183
.v0,10,174
.fodt,10,167
.oracle,10,165
.remove,10,161
.nmf,10,160
.ifc,10,143
.mark,10,138
.bibtex,10,132
.tip,10,132
.vsl,10,131
.nhr,10,107
.nin,10,107
.nsq,10,107
.normal,10,103
.wsp,10,102
.eb,9,40103
.p4,9,11859
.object,9,5521
.tdb,9,4144
.asl,9,3642
.lgt,9,3494
.pkt,9,2771
.csd,9,2476
.ditamap,9,1434
.gmk,9,1353
.lg,9,1153
.uvprojx,9,762
.glyphs,9,667
.cnt,9,642
.uvoptx,9,635
.ir,9,634
.bicep,9,623
.grc,9,595
.wxml,9,536
.location,9,498
.tri,9,462
.smt,9,441
.ber,9,426
.fea,9,419
.wgsl,9,380
.swiftinterface,9,356
.pfm,9,345
.sizes,9,320
.latte,9,292
.structure,9,288
.lwo,9,282
.pkb,9,254
.ele,9,246
.mexmac,9,243
.gson,9,240
.sublime-snippet,9,227
.dash,9,225
.deface,9,211
.nomad,9,206
.lkml,9,201
.cst,9,200
.sug,9,194
.0-r2,9,191
.itp,9,182
.bs,9,176
.xise,9,171
.jdx,9,168
.ecl,9,167
.plain,9,166
.voc,9,165
.abs,9,155
.edge,9,152
.rails,9,140
.tmcommand,9,137
.stx,9,132
.1-r2,9,131
.lite,9,129
.mhd,9,128
.ras,9,126
.mpc,9,125
.tra,9,124
.pol,9,121
.sdb,9,121
.lammps,9,113
.pipeline,9,111
.diag,9,105
.dimacs,8,16286
.srx,8,10234
.hints,8,9341
.paa,8,3672
.rcp,8,3548
.se,8,2787
.bi,8,2628
.eep,8,1997
.hmm,8,1793
.vk,8,1610
.adl,8,1462
.underscore,8,1062
.dnn,8,988
.import,8,965
.qc,8,961
.nff,8,802
.xql,8,795
.fsm,8,782
.defconfig,8,759
.pm6,8,759
.rpl,8,645
.rei,8,631
.sto,8,578
.cx,8,553
.packlist,8,553
.k,8,538
.adc,8,513
.agda,8,469
.mdoc,8,460
.itermcolors,8,432
.stf,8,391
.upf,8,387
.symbolmap,8,369
.blp,8,364
.pmml,8,364
.htmlt,8,353
.soc,8,351
.kid,8,346
.peb,8,340
.flux,8,338
.smali,8,318
.dependency,8,316
.xtc,8,312
.myd,8,308
.wlk,8,292
.ccf,8,290
.nam,8,270
.dsv,8,262
.pks,8,255
.lmp,8,233
.xci,8,230
.donotdelete,8,229
.snip,8,228
.dss,8,227
.lc,8,224
.adv,8,217
.las,8,214
.fmx,8,192
.nlog,8,191
.blk,8,181
.192,8,180
.jpage,8,180
.baml,8,177
.tre,8,173
.glslf,8,172
.sassc,8,162
.epw,8,161
.iced,8,143
.px,8,143
.dbgdt,8,141
.skin,8,141
.dni,8,133
.ssv,8,130
.cnv,8,123
.ggb,8,119
.pgn,8,119
.fmpp,8,118
.signed,8,117
.stream,8,116
.ass,8,115
._makefile,8,113
.symvers,8,105
.bpl,8,103
.details,8,103
.mlir,7,4656
.mojom,7,3806
.ihtml,7,2148
.liq,7,1985
.cry,7,1955
.nbt,7,1808
.mv,7,1639
.med,7,1349
.textpb,7,1323
.spt,7,1076
.dcu,7,938
.loader-error,7,847
.pony,7,805
.das,7,735
.ih,7,651
.lvl,7,591
.spvasm,7,583
.ips,7,560
.tabular,7,555
.bcsymbolmap,7,504
.plx,7,490
.fusion,7,486
.txp,7,486
.scons,7,418
.bim,7,416
.digest,7,414
.errordata,7,376
.smproj,7,371
.series,7,369
.gh,7,367
.mcf,7,365
.yar,7,359
.xpath,7,353
.art,7,337
.dag,7,317
.doctest,7,312
.myi,7,306
.right,7,305
.kproj,7,295
.here,7,286
.thy,7,275
.xcl,7,272
.actual,7,255
.nblink,7,255
.ors,7,252
.gms,7,246
.descriptor,7,240
.xtendbin,7,215
.screen,7,211
.pds,7,208
.wnd,7,202
.clif,7,198
.svnbridge,7,198
.processed,7,188
.ros,7,187
.vtest,7,187
.power,7,185
.ffpreset,7,184
.att,7,167
.touch,7,165
.dl,7,164
.p3d,7,163
.nn,7,161
.rpgle,7,158
.plxarc,7,157
.prpt,7,146
.mn,7,139
.gir,7,138
.sb2,7,138
.scaml,7,135
.c_,7,133
.ix,7,133
.qasm,7,129
.hwdb,7,126
.openapi-generator/files,7,126
.xco,7,124
.tdf,7,121
.182,7,120
.sel,7,118
.hlsli,7,116
.rf,7,116
.ptf,7,113
.vsz,7,113
.bt2,7,112
.fnl,7,110
.psv,7,108
.chr,7,103
.repl,7,102
.jdk8,7,101
.msd,7,101
.xht,6,85267
.adm,6,8936
.xtb,6,8484
.quickbook,6,2799
.ceylon,6,2663
.dectest,6,2002
.cso,6,1963
.ktr,6,1730
.lay,6,1642
.audio,6,1513
.lt,6,1433
.gold-html,6,1380
.bm,6,1344
.pst,6,1324
.vader,6,1320
.curl,6,1116
.spr,6,1023
.vtl,6,907
.cookie,6,825
.get,6,807
.scxml,6,693
.mot,6,650
.tscn,6,641
.vtf,6,632
.vertex,6,520
.vmt,6,497
.zep,6,471
.vti,6,427
.tgs,6,407
.typoscript,6,397
.172,6,334
.lfe,6,332
.ol,6,331
.trivial,6,321
.pgf,6,317
.bpmn2,6,313
.jfd,6,302
.laz,6,278
.ma,6,276
.fixup,6,269
.xtmpl,6,262
.vmx,6,231
.fi,6,229
.ga,6,225
.xwd,6,222
.biom,6,221
.mtr,6,219
.adj,6,218
.tem,6,211
.xed,6,207
.ivy,6,202
.191,6,190
.amber,6,189
.bss,6,184
.locked,6,180
.skipautouninstall,6,178
.item,6,174
.textgrid,6,162
.tres,6,161
.atp,6,157
.mop,6,150
.py-tpl,6,146
.wsdt,6,145
.expect-noinput,6,144
.designspace,6,143
.generator,6,133
.eruby,6,128
.wt,6,127
.fact,6,126
.ged,6,125
.glslv,6,125
.pike,6,123
.ofn,6,121
.fm,6,120
.gold2,6,120
.lin,6,118
.buf,6,112
.cel,6,111
.edc,6,111
.ispc,6,110
.psh,6,108
.vgdbsettings,6,107
.gob,6,104
.nut,6,103
.rt,6,101
.r~,6,101
.jf,5,9479
.resjson,5,5792
.dmi,5,3634
.0/opam,5,2931
.neu,5,2406
.omex,5,2339
.const,5,2285
.rg,5,1829
.gbc,5,1802
.tt2,5,1153
.mnt,5,1047
.mission,5,1003
.crc32,5,1002
.fsf,5,890
.jdo,5,824
.rbi,5,785
.cht,5,780
.ctr,5,761
.1/opam,5,683
.ink,5,651
.orm,5,534
._trace,5,532
.channel,5,503
.done,5,502
.swd,5,501
.psi,5,489
.effect,5,463
.jdl,5,434
.xqm,5,399
.nlf,5,368
.atx,5,362
.tin,5,327
.181,5,324
.2/opam,5,303
.xxd,5,294
.mdef,5,291
.dmr,5,288
.tsconfig,5,288
.gdoc,5,282
.rvmat,5,281
.srj,5,266
.nm,5,264
.preseed,5,258
.hmi,5,238
.objects,5,235
.tsp,5,230
.terraform-version,5,227
.sigs,5,225
.aiml,5,224
.zcml,5,219
.noun,5,216
.verb,5,213
.emptydir,5,205
.poscar,5,204
.csc,5,202
.bsv,5,197
.qmlc,5,197
.193,5,196
.ht_,5,194
.3/opam,5,188
.gdbtablx,5,185
.rakumod,5,185
.gdbtable,5,184
.mhtml,5,181
.zarray,5,181
.ssd,5,167
.parsed,5,165
.pr,5,165
.gdbindexes,5,164
.osl,5,160
.eig,5,154
.ngdoc,5,149
.qdocinc,5,149
.trs,5,147
.emitter-error,5,144
.dsd,5,143
.dw,5,139
.lab,5,139
.lox,5,139
.pbi,5,138
.rsf,5,138
.len,5,136
.cm,5,135
.bif,5,134
.match,5,133
.bfo,5,130
.mrt,5,130
.bft,5,127
.wc,5,126
.mcw,5,125
.lookml,5,124
.4/opam,5,123
.clientconfig,5,123
.pull,5,123
.forth,5,120
.183,5,119
.pgw,5,119
.xqy,5,118
.hamlet,5,114
.interval_list,5,113
.lit,5,113
.program,5,112
.fchk,5,111
.gi,5,111
.dsn,5,109
.hrd,5,109
.rdl,5,109
.music,5,107
.0/status,5,106
.fz,5,106
.dal,5,102
.dri,5,102
.answer,4,23948
.aql,4,20130
.cygport,4,12537
.factor,4,9696
.fld,4,7419
.texture,4,7142
.kryo,4,4477
.jag,4,4119
.hoon,4,3805
.fut,4,3473
.semanticdb,4,2930
.ned,4,2884
.hgt,4,2881
.frozen,4,2527
.uasset,4,2254
.hl7,4,1685
.fsti,4,1573
.dig,4,1534
.jet,4,1457
.npc,4,1431
.sse,4,1407
.pddl,4,1399
.lif,4,1385
.glm,4,1292
.rle,4,1255
.cells,4,1074
.cb,4,1072
.mdpp,4,1071
.shex,4,981
.slang,4,972
.imba,4,955
.animation,4,945
.odin,4,945
.sprite,4,875
.gyb,4,832
.sdf3,4,830
.hpb,4,821
.miz,4,798
.txtar,4,763
.lb,4,746
.solution,4,738
.rsl,4,732
.sqldataprovider,4,698
.zoo,4,568
.sqs,4,559
.fab,4,509
.mad,4,498
.btf,4,497
.scalatex,4,479
.o2,4,478
.storyshot,4,457
.dialog,4,428
.sjson,4,405
.krmignore,4,402
.rpres,4,397
.blocks,4,395
.rts,4,385
.otl,4,383
.mlg,4,364
.pqr,4,354
.lrz,4,336
.ipt,4,318
.ts2,4,316
.mzn,4,299
.tasty,4,295
.success,4,291
.173,4,289
.pipe,4,288
.qry,4,286
.ssc,4,285
.eliom,4,268
.3dm,4,263
.pygtex,4,255
.smil,4,239
.tmbundle,4,239
.vtx,4,237
.owc,4,236
.cksum,4,232
.subr,4,231
.bdoc,4,230
.cps,4,224
.tpr,4,216
.lagda,4,214
.cvd,4,213
.jaxb,4,213
.kjb,4,211
.sbl,4,211
.ml4,4,200
.wal,4,199
.vlt,4,198
.dsptemplate,4,183
.jmk,4,181
.fzpz,4,179
.paml,4,179
.fidl,4,177
.gjf,4,175
.nr,4,174
.nunj,4,164
.ivf,4,158
.word,4,156
.nets,4,155
.babylon,4,144
.fast5,4,140
.fac,4,137
.mca,4,133
.bl,4,132
.trix,4,132
.ledger,4,129
.nsec3,4,129
.hwp,4,128
.lyr,4,128
.treeinfo,4,128
.gal,4,127
.astub,4,122
.cao,4,122
.het,4,121
.tec,4,121
.vot,4,120
.ctb,4,119
.classdiagram,4,118
.prn,4,115
.eta,4,114
.pmg,4,114
.pyste,4,114
.rtm,4,114
.ecs,4,113
.mpb,4,113
.godot,4,112
.hh~,4,111
.mtt,4,110
.fif,4,109
.nedb,4,109
.gpf,4,108
.h5ad,4,107
.seb,4,107
.mix,4,106
.namespace,4,106
.c3d,4,103
.vt,4,102
.javajet,4,101
.ckan,3,28412
.ring,3,19950
.qll,3,13284
.mmtf,3,8703
.xsb,3,7593
.move,3,4932
.tid,3,4740
.stmt,3,4087
.mas,3,2691
.ucm,3,2677
.qhelp,3,2315
.gmx,3,2207
.wms,3,1739
.xojo_code,3,1571
.facts,3,1491
.0/descr,3,1490
.0/url,3,1474
.wren,3,1462
.tei,3,1220
.dmm,3,1091
.pwn,3,1090
.mir,3,992
.enum,3,973
.shape,3,892
.do_not_update,3,883
.cellml,3,872
.gct,3,849
.widl,3,775
.pyde,3,773
.dods,3,710
.flagstat,3,684
.testconfig,3,670
.typemap,3,661
.ract,3,654
.umap,3,599
.hive,3,580
.wsmode,3,544
.alerts,3,540
.saw,3,529
.dzn,3,488
.glsles,3,460
.asice,3,456
.h-e,3,440
.xbl,3,438
.repr,3,435
.xojo_window,3,421
.lvs,3,409
.dyon,3,408
.grdp,3,390
.reference_output,3,385
.pir,3,363
.hrc,3,361
.kak,3,358
.yo,3,355
.build-id,3,354
.rtcp,3,352
.a1,3,327
.krl,3,322
.1/descr,3,316
.b3dm,3,310
.rib,3,304
.ccg,3,294
.esv,3,292
.tas,3,292
.go-e,3,291
.omd,3,290
.1/url,3,288
.sx,3,287
.pgc,3,282
.frcmod,3,274
.c2b,3,271
.pgt,3,271
.madx,3,263
.require,3,259
.ach,3,255
.changeset,3,246
.lepiter,3,246
.quest,3,245
.osg,3,242
.spring,3,241
.crn,3,240
.prs,3,238
.protoascii,3,233
.pkey,3,225
.face,3,224
.swiftdeps,3,223
.rsel,3,219
.rql,3,214
.tti,3,211
.unv,3,204
.alp,3,203
.parm,3,202
.jasp,3,201
.svx,3,201
.vqs,3,195
.bmx,3,193
.beancount,3,192
.sn,3,191
.java-e,3,190
.nodartcoverage,3,189
.rgf,3,189
.yin,3,187
.npt,3,185
.unw,3,184
.gdst,3,181
.vdb,3,179
.strtab,3,177
.symtab,3,177
.this_module,3,177
.dog,3,170
.ihex,3,163
.jpc,3,161
.gpml,3,157
.dvc,3,156
.esa,3,155
.wss,3,155
.swarming,3,154
.glvs,3,153
.rvt,3,153
.kiwi,3,151
.brep,3,150
.conflicts,3,149
.rodata,3,147
.erg,3,146
.alg,3,145
.jld,3,142
.sgx,3,142
.assert,3,141
.mapcss,3,140
.qip,3,140
.narrow,3,136
.isph,3,133
.psc,3,131
.glfs,3,128
.srcjar,3,128
.ubjson,3,126
.fgl,3,125
.wbn,3,124
.cdxml,3,123
.musicxml,3,123
.sng,3,121
.2/url,3,119
.3x,3,119
.swarm,3,118
.rfx,3,117
.2/descr,3,116
.tpkg,3,115
.im,3,113
.current_version,3,110
.jed,3,110
.m4s,3,110
.stex,3,108
.dol,3,106
.mxproject,3,106
.shapes,3,106
.dap,3,105
.dgs,3,104
.norm,3,104
.pyg,3,104
.op,3,103
.fpt,3,102
.rfa,3,102
.sense,3,102
.icproj,3,101
.blueprint,2,10405
.ump,2,7254
.whiley,2,6381
.hrx,2,3947
.stk,2,3448
.netkan,2,3260
.obda,2,2901
.qlref,2,2371
.blf,2,2361
.mcache,2,2356
.dbs,2,2319
.kerbalstuff,2,2000
.vtc,2,1954
.nou,2,1878
.xda,2,1675
.sil,2,1492
.cooked_physics,2,1448
.cache-3,2,1443
.cmmn,2,1387
.yul,2,1341
.udon,2,1287
.abo,2,1281
.objecttranslation,2,1256
.xiz,2,1242
.jnc,2,1224
.myb,2,1132
.bescmd,2,1104
.catalog_metadata,2,1029
.impala,2,973
.2da,2,945
.opi,2,879
.mock-http-headers,2,841
.elpi,2,822
.idf,2,822
.outb,2,817
.s3o,2,776
.rdr,2,771
.3do,2,757
.dbscheme,2,755
.genconf,2,739
.fjs,2,729
.xmesh,2,692
.cylc,2,666
.sli,2,662
.recon,2,627
.cdef,2,618
.sequence_manager,2,607
.gp5,2,592
.exml,2,590
.kit,2,589
.skf,2,568
.rde,2,567
.sax2,2,567
.gdm,2,531
.lore,2,504
.cdsl,2,501
.bincode,2,476
.bds,2,475
.lr,2,442
.jtr,2,437
.configfile,2,433
.fs-uae-controller,2,432
.__ivy_ngcc_bak,2,419
.gvl,2,414
.oda,2,412
.hhh,2,408
.gns3a,2,402
.gdl,2,401
.cru,2,400
.htt,2,391
.msx,2,387
.vrp,2,381
.rpk,2,379
.pax,2,376
.zrf,2,372
.fpm,2,366
.ols,2,362
.m2c,2,354
.sedx,2,343
.modulerc,2,335
.umd,2,334
.old~~,2,333
.zf,2,323
.smesh,2,318
.cyberduckprofile,2,316
.diviner,2,316
.osim,2,312
.babylonmeshdata,2,307
.scml,2,306
.emblem,2,305
.spvas,2,301
.widlprocxml,2,300
.gx/post-install,2,299
.weak,2,299
.xpath2,2,290
.gcl,2,287
.jaif,2,286
.yardopts-cloudrad,2,273
.nvt,2,270
.3pcap,2,265
.svndump,2,263
.blo,2,262
.tsc,2,259
.l0,2,250
.uavcan,2,243
.idsl,2,242
.couch,2,238
.mscx,2,238
.sinc,2,238
.geno,2,236
.hea,2,234
.cnb,2,231
.pscript,2,224
.ci_skip,2,221
.cmg,2,218
.biblatex,2,216
.mlw,2,216
.cmnd,2,214
.ghuser,2,214
.prove,2,212
.xfst,2,212
.a2,2,209
.pkc,2,209
.athw119,2,208
.3couchbase,2,202
.nlm,2,202
.tpb,2,197
.tptp,2,194
.ltxt,2,193
.sem,2,193
.waiver,2,193
.hlf,2,189
.gp4,2,183
.4clc,2,182
.4cp,2,182
.4cs,2,181
.4gh,2,181
.cpn,2,179
.about,2,173
.dpy,2,170
.fcl,2,170
.smdsl,2,169
.xcfg,2,169
.ict,2,168
.keyblock,2,168
.xojo_image,2,167
.after2,2,164
.mtf,2,163
.psyexp,2,158
.args=1,2,154
.0-r200,2,151
.wxcp,2,150
.cosmos,2,149
.amn,2,147
.vsc,2,147
.warn,2,147
.elem,2,146
.cpm,2,145
.fxl,2,144
.okl,2,144
.dune,2,142
.gcss,2,142
.jls,2,142
.mmn,2,141
".0-cmp-db2,informix,ms-sql,mysql,oracle,solid,sybase",2,140
.sxg,2,140
.iol,2,134
.nwod,2,134
.gps,2,131
.yasnippet,2,130
.combinations,2,129
.aam,2,128
.prot,2,128
.gplot,2,127
.inn,2,125
.1_install,2,122
.cspec,2,121
.gsvar,2,121
.viw,2,121
.ombu,2,120
.stapler,2,120
.args=3,2,114
.oldbackup,2,114
.webpack4,2,114
.webpack5,2,114
.xcas,2,113
.xml_hidden,2,113
.scx,2,112
.llk,2,111
.exfail,2,110
.lhe,2,110
.apinotes,2,109
.matter,2,109
.dssp,2,108
.sbp,2,106
.checks,2,105
.chcfg,2,104
.gutx,2,104
.03/descr,2,103
.03/opam,2,103
.03/url,2,103
.asics,2,103
.notwrapped,2,103
.args=2,2,101
.stlx,2,101