"Number","Question","What was the problem type?","What was the problem?","How would you fix it?","Answer","Commit","Comment"
1,"select w.id from georef.way as w where w.id not in (select way_id from georef.fusion_ways);",performance,used in,use join instead,"select w.id from georef.way w left outer join georef.fusion_ways fw on(w.id=fw.way_id) where fw.id IS NULL",d46f3e8340de2ce859729cb0e1c80570b568d1d1,
2,"CREATE TABLE visit_occurrence (   visit_occurrence_id   INTEGER   NOT NULL ,   person_id      INTEGER   NOT NULL ,   visit_source_value    VARCHAR(50)  NULL,   visit_source_concept_id  INTEGER   NULL    admitting_source_concept_id INTEGER   NULL ,   admitting_source_value  VARCHAR(50)  NULL , ) ;",fix,A missing comma,add comma," CREATE TABLE visit_occurrence (   visit_occurrence_id   INTEGER   NOT NULL ,   person_id      INTEGER   NOT NULL ,   visit_source_value    VARCHAR(50)  NULL,   visit_source_concept_id  INTEGER   NULL,    admitting_source_concept_id INTEGER   NULL ,   admitting_source_value  VARCHAR(50)  NULL , ) ;",5e64eb1b4d28da699968aa95585da6d855bbc4a5,
3," insert into dbo.d_arvokyselykerta ( SELECT distinct    -1   ,[source]   ,koodi   ,nimi   ,koodi   ,nimi   ,nimi_sv   ,nimi_en    ,nimi   ,-1 FROM ANTERO_SA.dbo.sa_koodistot   where koodisto='vipunenmeta'   and koodi='-1' )   ; ",performance,"Used distinct to removed duplicates, which can be 10 time slower than group by",use group by,"   insert into dbo.d_arvokyselykerta ( SELECT     -1   ,[source]   ,koodi   ,nimi   ,koodi   ,nimi   ,nimi_sv   ,nimi_en    ,nimi   ,-1 FROM ANTERO_SA.dbo.sa_koodistot   where koodisto='vipunenmeta'   and koodi='-1' group by   [source]   ,koodi   ,nimi   ,koodi   ,nimi   ,nimi_sv   ,nimi_en    ,nimi )  ;",19327d9e094ed4535a476bb331911f2e06bcb1c5,
4,DROP DATABASE gogs;,fix,Dropping a none existing object will fail the code,check for existence in drop,DROP DATABASE IF EXISTS gogs;,6ce8fa49eaa9550951f355da3060b6c9f91010bf,"In general, beware of dropping databases"
5,"CREATE TABLE data_log ( id INT PRIMARY KEY, log_text VARCHAR(255) ) ENGINE=MyISAM;","performance","MyISAM uses table-level locking which significantly degrades concurrent insert/update performance.","Change the table storage engine from MyISAM to InnoDB to utilize row-level locking.","CREATE TABLE data_log ( id INT PRIMARY KEY, log_text VARCHAR(255) ) ENGINE=InnoDB;","895dd0f5","InnoDB is the recommended engine for modern MySQL concurrent workloads."
6,"SELECT COALESCE(package_name, NULL) AS pkg_name FROM packages;","refactor","Wrapping a column in COALESCE with NULL as the fallback is completely redundant and adds unnecessary function calls.","Remove the redundant COALESCE function.","SELECT package_name AS pkg_name FROM packages;","b7db4e56","Cleans up the code and avoids unnecessary function overhead during execution."
7,"SELECT * FROM users WHERE YEAR(created_at) = 2023;","performance","Applying a function like YEAR() to a column prevents the database from using indexes on that column (Non-SARGable), forcing a full table scan.","Compare the column directly against a literal date range so the engine can perform an index range scan.","SELECT * FROM users WHERE created_at >= '2023-01-01' AND created_at < '2024-01-01';","N/A (Bonus 1)","SARGable (Search Argument Able) queries are critical for utilizing B-Tree indexes effectively."
8,"SELECT CASE WHEN (SELECT COUNT(*) FROM orders WHERE user_id = 123) > 0 THEN 1 ELSE 0 END;","performance","Using COUNT(*) forces the database to find and count every single matching row, which is wasteful if you only need to check for existence.","Use the EXISTS operator, which short-circuits and stops searching the moment it finds the first matching row.","SELECT CASE WHEN EXISTS (SELECT 1 FROM orders WHERE user_id = 123) THEN 1 ELSE 0 END;","N/A (Bonus 2)","EXISTS is highly optimized for boolean existence checks and avoids unnecessary read operations."
9,"SELECT * FROM employees JOIN departments ON employees.dept_id = departments.id;","performance","Using SELECT * retrieves all columns from all joined tables, increasing memory allocation, network payload, and preventing the use of covering indexes.","Explicitly select only the exact columns required by the application.","SELECT employees.id, employees.name, departments.department_name FROM employees JOIN departments ON employees.dept_id = departments.id;","N/A (Bonus 3)","Fetching only necessary columns minimizes I/O latency and allows the optimizer to use covering indexes."
10," SELECT
    t1.end_period                 AS `Period`,
    SUM(t1.cost * t1.run_time)    AS `Total CPU Time Usage`,
    ref_cat_table.ref_category    AS ref_category
FROM %DB%.accounting_view AS t1
RIGHT JOIN user_info.user_refcats AS ref_cat_table 
    ON t1.owner = ref_cat_table.username 
    WHERE end_time > start_time
    AND ref_cat_table.ref_category = '%REFCAT%'",representation,The time was shown in seconds which is not relevant,change the time to hours,"   t1.end_period			AS `Period`,
    SUM((t1.cost * t1.run_time)/3600)	AS `Total CPU Time Usage`,
    ref_cat_table.ref_category		AS ref_category
FROM %DB%.accounting_view		AS t1
RIGHT JOIN user_info.user_refcats 	AS ref_cat_table 
    ON t1.owner = ref_cat_table.username 
    WHERE end_time > start_time
    AND ref_cat_table.ref_category = '%REFCAT%'",62246ed0312999027fca7561c5c3a0a345ab972b,
11," private[ldbc] def mediumblobType: Parser[DataType] =
    customError(
      caseSensitivity(""mediumblob"") ^^ (_ => DataType.TINYBLOB()),
      input => s""""""",storage,datatype to small for the data,Change bug TinyBlob to MediumBlob,"  private[ldbc] def mediumblobType: Parser[DataType] =
    customError(
      caseSensitivity(""mediumblob"") ^^ (_ => DataType.MEDIUMBLOB()),
      input => s""""""
        |===============================================================================
        |Failed to parse mediumblob data type.",a809185eda2910d6aa5621958d274be4e097997c,
12,"CREATE TABLE groups (
	id SERIAL PRIMARY KEY NOT NULL,
	name VARCHAR(50) UNIQUE NOT NULL
);

/*",data integrity,group name could be empty,add a check contraint to make sure that char_lnegth >= 1,"CREATE TABLE groups (
	id SERIAL PRIMARY KEY NOT NULL,
	name VARCHAR(50) UNIQUE NOT NULL CHECK (char_length(name) >= 1)
);

/*",dfe62cb36a95bfce3e4446bfc04d80eeee01f9a5,
13,"`abnormal_atypical_exculsionary` enum('exculsionary','non_exclusionary','not_answered') DEFAULT NULL,",Bug,"The column name contains a spelling mistake (typo) where 'exculsionary' was written instead of 'exclusionary'. This creates an invalid column name, causing errors when other queries or applications attempt to reference it using the correct spelling.",Correct the spelling of the column name by changing 'exculsionary' to 'exclusionary' to match the intended English word and ensure database consistency.,"`abnormal_atypical_exclusionary` enum('exclusionary','non_exclusionary','not_answered') DEFAULT NULL,",b05b7379103fe10babb5412aec60df704a2bb74b,
14,"`sort1` varchar(80) default NULL, `sort2` varchar(80) default NULL, UNIQUE KEY `cardnumber` (`cardnumber`), KEY `borrowernumber` (`borrowernumber`), KEY `categorycode` (`categorycode`), KEY `branchcode` (`branchcode`), KEY `userid` (`userid`),",Data Integrity,"The 'borrowernumber' column was defined only as a regular index (KEY) instead of a PRIMARY KEY. While a regular index improves query performance, it does not officially enforce the entity integrity constraint or properly designate the column as the table's main unique identifier.",Define borrowernumber as the primary key of the table.,"`sort1` varchar(80) default NULL, `sort2` varchar(80) default NULL, UNIQUE KEY `cardnumber` (`cardnumber`), PRIMARY KEY `borrowernumber` (`borrowernumber`), KEY `categorycode` (`categorycode`), KEY `branchcode` (`branchcode`), KEY `userid` (`userid`),",64278fd6b3de8c5b072819ba0a82f9c0c391405b,Changed borrowernumber from a regular index to the primary key of the table.
15,"DEALLOCATE PREPARE stmt;

-- First create the foreign key that we dropped earlier
ALTER TABLE `theme_user_counts` ADD CONSTRAINT `addon_id_refs_id_ac19f783` FOREIGN KEY (`addon_id`) REFERENCES `addons` (`id`)

-- Now create our new, proper index.
ALTER TABLE `theme_user_counts` ADD CONSTRAINT `theme_user_counts_date_cc9034dde90789f_uniq` UNIQUE (`date`, `addon_id`);",Bug,"The SQL statement was missing a semicolon. Without a semicolon, the database may not correctly separate SQL commands, causing the migration script to fail.",Add the missing semicolon at the end of the SQL statement.,"DEALLOCATE PREPARE stmt;

-- First create the foreign key that we dropped earlier
ALTER TABLE `theme_user_counts` ADD CONSTRAINT `addon_id_refs_id_ac19f783` FOREIGN KEY (`addon_id`) REFERENCES `addons` (`id`);

-- Now create our new, proper index.
ALTER TABLE `theme_user_counts` ADD CONSTRAINT `theme_user_counts_date_cc9034dde90789f_uniq` UNIQUE (`date`, `addon_id`);",42dd849a280d1fa878a2cbd0a831d6b8d7503d1b,
16,"
INSERT INTO `letter` (module, code, branchcode, name, is_html, title, content, message_transport_type)
VALUES ('members','PASSWORD_RESET','','Online password reset',1,'Koha password recovery','<html>\r\n<p>This email has been sent in response to your password recovery request for the account <strong><<user>></strong>.\r\n</p>\r\n<p>\r\nYou can now create your new password using the following link:\r\n<br/><a href=\""<<passwordreseturl>>\""><<passwordreseturl>></a>\r\n</p>\r\n<p>This link will be valid for 2 days from this email\'s reception, then you must reapply if you do not change your password.</p>\r\n<p>Thank you.</p>\r\n</html>\r\n','email'),
('members','MEMBERSHIP_EXPIRY','','Account expiration','Account expiration','Dear <<borrowers.title>> <<borrowers.firstname>> <<borrowers.surname>>,.\r\n\r\nYour library card will expire soon, on:\r\n\r\n<<borrowers.dateexpiry>>\r\n\r\nThank you,\r\n\r\nLibrarian\r\n\r\n<<branches.branchname>>','email');",Bug,The missing value for the is_html column in the second dataset causes a strict Column count mismatch error because the target columns are explicitly specified in the INSERT statement.,Insert the missing '0' value for the 'is_html' column in the second row of the VALUES clause so that it aligns correctly with the 8-column table structure.,"INSERT INTO `letter` (module, code, branchcode, name, is_html, title, content, message_transport_type)
VALUES ('members','PASSWORD_RESET','','Online password reset',1,'Koha password recovery','<html>\r\n<p>This email has been sent in response to your password recovery request for the account <strong><<user>></strong>.\r\n</p>\r\n<p>\r\nYou can now create your new password using the following link:\r\n<br/><a href=\""<<passwordreseturl>>\""><<passwordreseturl>></a>\r\n</p>\r\n<p>This link will be valid for 2 days from this email\'s reception, then you must reapply if you do not change your password.</p>\r\n<p>Thank you.</p>\r\n</html>\r\n','email'),
('members','MEMBERSHIP_EXPIRY','','Account expiration',0,'Account expiration','Dear <<borrowers.title>> <<borrowers.firstname>> <<borrowers.surname>>,.\r\n\r\nYour library card will expire soon, on:\r\n\r\n<<borrowers.dateexpiry>>\r\n\r\nThank you,\r\n\r\nLibrarian\r\n\r\n<<branches.branchname>>','email');",2ce4b1635d24179fb3d5b11459045d86b9cf977e,Fixed column count mismatch in the INSERT statement by providing the missing 'is_html' value for the membership expiry row.
17,"override_policy VARCHAR(32) NOT NULL, schedule_id VARCHAR(22), deploy_constraint_id VARCHAR(22), project_id INT(11) PRIMARY KEY (env_id) ) ENGINE=InnoDB DEFAULT CHARSET=utf8; CREATE UNIQUE INDEX env_name_stage_idx ON environs (env_name, stage_name);",Bug,"The query causes a critical syntax error because a comma is missing at the end of the project_id INT(11) column definition. In SQL, a comma is strictly required to separate column declarations from subsequent table constraints like PRIMARY KEY.","Add a comma (,) immediately after INT(11) on the project_id line. This properly terminates the column definition and allows the database engine to parse the following PRIMARY KEY constraint successfully.","override_policy VARCHAR(32) NOT NULL, schedule_id VARCHAR(22), deploy_constraint_id VARCHAR(22), project_id INT(11), PRIMARY KEY (env_id) ) ENGINE=InnoDB DEFAULT CHARSET=utf8; CREATE UNIQUE INDEX env_name_stage_idx ON environs (env_name, stage_name);",82c9876ad4ebdf05332e9d0562a2de5a5e0c2ab4,
18,"drop table if exists Recipes; drop table if exists Users; create table Users (user_id varchar(128) primary key, email varchar(128) not null, name varchar(128) not null, last_login datetime not null); create table Recipes (recipe_id char(6) primary key, name varchar(128) not null, passhash char(32) not null);",fix,The schema script drops and recreates the tables every time it runs permanently destroying all existing data on each execution,Remove the DROP TABLE statements and use CREATE TABLE IF NOT EXISTS instead of CREATE TABLE so the script is safe to run on an already-populated database,"create table if not exists Users (user_id varchar(128) primary key, email varchar(128) not null, name varchar(128) not null, last_login datetime not null); create table if not exists Recipes (recipe_id char(6) primary key, name varchar(128) not null, passhash char(32) not null);",f1bcbe3ab06e44c1a18326e2d102e91d471c1037,Destructive DDL scripts that drop tables should always be guarded; use IF NOT EXISTS for idempotent schema creation
19,Table event_push_actions has columns stream_ordering and user_id with no index defined on them while queries filter and sort by these columns,performance,Without an index on (stream_ordering user_id) any query filtering or ordering by these columns performs a full table scan which is slow as the table grows,Add a composite index on the frequently-queried columns,CREATE INDEX event_push_actions_stream_ordering ON event_push_actions(stream_ordering user_id);,96bcfb29c7b8cb04f4b887c518016cb968645cb9,Always add indexes on columns used in WHERE clauses and ORDER BY; a composite index covering both columns is especially efficient here
20,"CREATE TABLE data_log ( id INT PRIMARY KEY, log_text VARCHAR(255) ) ENGINE=MyISAM;",performance,MyISAM uses table-level locking which significantly degrades concurrent insert/update performance,Change the table storage engine from MyISAM to InnoDB to utilize row-level locking.,"CREATE TABLE data_log ( id INT PRIMARY KEY, log_text VARCHAR(255) ) ENGINE=InnoDB;",895dd0f5bdb7882c8bc7df0beb76eecfd4d0a0e0,InnoDB is the recommended engine for modern MySQL concurrent workloads
21,"insert into dbo.d_arvokyselykerta ( SELECT distinct -1 ,[source] ,koodi ,nimi FROM ANTERO_SA.dbo.sa_koodistot where koodisto='vipunenmeta' and koodi='-1' );",performance,Used DISTINCT to remove duplicates which can be 10 times slower than GROUP BY,Replace DISTINCT with GROUP BY for better performance,"insert into dbo.d_arvokyselykerta ( SELECT -1 ,[source] ,koodi ,nimi FROM ANTERO_SA.dbo.sa_koodistot where koodisto='vipunenmeta' and koodi='-1' group by [source] ,koodi ,nimi );",19327d9e094ed4535a476bb331911f2e06bcb1c5,DISTINCT and GROUP BY produce the same result but GROUP BY is typically more efficient for deduplication
22,"CREATE TABLE groups ( id SERIAL PRIMARY KEY NOT NULL, name VARCHAR(50) UNIQUE NOT NULL );",data integrity,The group name column has no constraint preventing empty strings from being inserted which violates business logic,Add a CHECK constraint to ensure the name field cannot be empty,"CREATE TABLE groups ( id SERIAL PRIMARY KEY NOT NULL, name VARCHAR(50) UNIQUE NOT NULL CHECK (char_length(name) >= 1) );",dfe62cb36a95bfce3e4446bfc04d80eeee01f9a5,Always add CHECK constraints to enforce domain rules at the database level to prevent invalid data
23,"CREATE TABLE software (cveid INT, cpeEntryId INT, previousVersion VARCHAR(50), CONSTRAINT fkSoftwareCve FOREIGN KEY (cveid) REFERENCES vulnerability(id) ON DELETE CASCADE, CONSTRAINT fkSoftwareCpeProduct FOREIGN KEY (cpeEntryId) REFERENCES cpeEntry(id));",Data Integrity,The software table was created without a PRIMARY KEY. Without it, duplicate rows with the same (cveid, cpeEntryId) combination could be inserted silently, violating data integrity and causing incorrect query results.,Add a composite PRIMARY KEY (cveid, cpeEntryId) to enforce uniqueness and prevent duplicate rows.,"CREATE TABLE software (cveid INT, cpeEntryId INT, previousVersion VARCHAR(50), CONSTRAINT fkSoftwareCve FOREIGN KEY (cveid) REFERENCES vulnerability(id) ON DELETE CASCADE, CONSTRAINT fkSoftwareCpeProduct FOREIGN KEY (cpeEntryId) REFERENCES cpeEntry(id), PRIMARY KEY (cveid, cpeEntryId));",ca54daf45648e40c878ab2ef180674d4479e9cce,
24,"report_value bytea NOT NULL,",Bug,A trailing comma after the last column definition in a CREATE TABLE statement is a syntax error in PostgreSQL. It would prevent the table from being created at all.,Remove the trailing comma after the last column definition.,"report_value bytea NOT NULL",704b76b8cdc98241a602ddc723457305503047c3,
25,"ALARMFFAMILY VARCHAR(20) NOT NULL,",Data Integrity,"The ALARMFFAMILY column was defined with a size of VARCHAR(20), which is too small to store alarm family names longer than 20 characters. Any value exceeding this limit would be rejected or silently truncated.",Increase the column size from VARCHAR(20) to VARCHAR(64) to accommodate longer alarm family names.,"ALARMFFAMILY VARCHAR(64) NOT NULL,",f5b9ee332060dab71c5c6a238ac8267b0e399348,
26,"SELECT * FROM movies WHERE (SELECT COUNT(*) FROM roles WHERE movie_id = movies.id) > 0;",performance,COUNT(*) scans all matching rows even though we only need to know if at least one exists which wastes resources,Use EXISTS instead of COUNT so the query stops as soon as it finds the first matching row,"SELECT * FROM movies WHERE EXISTS (SELECT 1 FROM roles WHERE movie_id = movies.id);",N/A,EXISTS short-circuits and is significantly faster than COUNT for existence checks
27,"SELECT * FROM actors JOIN roles ON actors.id = roles.actor_id;",performance,SELECT * fetches all columns from all joined tables including unnecessary ones which increases memory usage and prevents covering indexes,Explicitly select only the columns needed by the application,"SELECT actors.id, actors.first_name, actors.last_name FROM actors JOIN roles ON actors.id = roles.actor_id;",N/A,Fetching only required columns reduces I/O and allows the optimizer to use covering indexes
28,"CREATE TABLE movies ( id INT PRIMARY KEY, name VARCHAR(100) );",data integrity,The name column has no NOT NULL constraint which allows movies to be inserted without a name violating basic business logic,Add NOT NULL constraint to enforce that every movie must have a name,"CREATE TABLE movies ( id INT PRIMARY KEY, name VARCHAR(100) NOT NULL );",N/A,Always add NOT NULL to columns that are required by business logic to prevent invalid data at the database level
29,"CREATE TABLE registrations (
    id BIGINT,
    contact VARCHAR(255)
); /* Placeholder SQL */",data integrity,Columns in the registrations table allowed NULL values which could lead to incomplete data states.,Add NOT NULL constraints to the schema definition.,"CREATE TABLE registrations (
    id BIGINT NOT NULL,
    contact VARCHAR(255) NOT NULL
); /* Placeholder SQL */",a1e9f064bdf11f3373eb0067264ea360519bafcc,
30,"INSERT INTO systempreferences (variable, value) VALUES ('Insecure', 'NO'); /* Placeholder SQL */",data integrity,Storing a boolean state as 'NO' caused logical errors in Perl because the string 'NO' evaluates to true.,Change the inserted value to '0' so it represents false correctly in Perl.,"INSERT INTO systempreferences (variable, value) VALUES ('Insecure', '0'); /* Placeholder SQL */",9d7a4829be6f7348bcc5e81535c3ff2dc11883f3,
31,"ALTER TABLE host DROP COLUMN icon_id; /* Placeholder SQL */",fix,Attempting to drop a column that is actively referenced by a foreign key constraint will fail.,Drop the foreign key constraint before dropping the column.,"ALTER TABLE host DROP FOREIGN KEY fk_host_icon;
ALTER TABLE host DROP COLUMN icon_id; /* Placeholder SQL */",620844879b88ef87f3bc4487b599640a32a51c57,
32,"CREATE INDEX idx_anzeige_name ON mv_organisation (anzeige_name); /* Placeholder SQL */",performance,The index on the string column exceeded the maximum allowed key length for the database engine.,Limit the index to a specific prefix length of the string to fit within engine constraints.,"CREATE INDEX idx_anzeige_name ON mv_organisation (anzeige_name(255)); /* Placeholder SQL */",4b15025750988e10753e508eb8ff838dce94e812,
33,"ALTER TABLE backup_ids ADD CONSTRAINT backup_ids_uk UNIQUE (backup_code, table_name, old_id); /* Placeholder SQL */",data integrity,The unique constraint name was too generic causing naming collisions when multiple instances were installed in the same database.,Rename the constraint to include a specific prefix.,"ALTER TABLE backup_ids ADD CONSTRAINT prefix_backup_ids_uk UNIQUE (backup_code, table_name, old_id); /* Placeholder SQL */",88629fc41946d91ebd87579c369b82bcae652b31,
34,"drop table if exists Recipes; drop table if exists Users; create table Users (user_id varchar(128) primary key, email varchar(128) not null, name varchar(128) not null, last_login datetime not null); create table Recipes (recipe_id char(6) primary key, name varchar(128) not null, passhash char(32) not null);",fix,The schema script drops and recreates the tables every time it runs permanently destroying all existing data on each execution,Remove the DROP TABLE statements and use CREATE TABLE IF NOT EXISTS instead of CREATE TABLE so the script is safe to run on an already-populated database,"create table if not exists Users (user_id varchar(128) primary key, email varchar(128) not null, name varchar(128) not null, last_login datetime not null); create table if not exists Recipes (recipe_id char(6) primary key, name varchar(128) not null, passhash char(32) not null);",f1bcbe3ab06e44c1a18326e2d102e91d471c1037,Destructive DDL scripts that drop tables should always be guarded; use IF NOT EXISTS for idempotent schema creation
35,"SELECT user_id, stream_ordering, topological_ordering, room_id, event_id, type, profile_tag, actions, last_stream_ordering_actioned_by_target_device FROM event_push_actions WHERE user_id = ? AND stream_ordering > ? ORDER BY stream_ordering ASC LIMIT 10;",performance,Without an index on stream_ordering and user_id any query filtering or ordering by these columns performs a full table scan which is slow as the table grows,Add a composite index on the frequently-queried columns,"CREATE INDEX event_push_actions_stream_ordering ON event_push_actions(stream_ordering, user_id);",96bcfb29c7b8cb04f4b887c518016cb968645cb9,Always add indexes on columns used in WHERE clauses and ORDER BY; a composite index covering both columns is especially efficient here
36,"CREATE TABLE `post` (... ) ENGINE=MyISAM DEFAULT CHARSET=utf8mb4 ROW_FORMAT=DYNAMIC;
ALTER TABLE `post` ADD KEY `post_user` (`user`);",data integrity,"The post table used the MyISAM storage engine. MyISAM does not support foreign keys, so the database could not enforce the relationship between posts and users. This may allow posts to reference users that do not exist.",Change the table engine to InnoDB and add a foreign key from post.user to user.id. This preserves the relationship between the tables and improves data integrity.,"ALTER TABLE `post` ENGINE=InnoDB;
ALTER TABLE `post` ADD CONSTRAINT `post_user` FOREIGN KEY (`user`) REFERENCES `user` (`id`) ON DELETE CASCADE ON UPDATE CASCADE;",a1a63eb2f812d621d3b3d7db2c00346bb94c0709,"Commit 72412, group 12. The change keeps fulltext functionality in newer MySQL/MariaDB versions while allowing foreign keys."
37,"CREATE TABLE `suggestions` (
  PRIMARY KEY (`suggestionid`),
  KEY `suggestedby` (`suggestedby`),
  KEY `managedby` (`managedby`)
);",performance,"The suggestions table was missing indexes on columns that are commonly used in queries, such as STATUS, biblionumber, and branchcode. Without these indexes, filtering and lookup queries may be slower, especially on large tables or inside loops.",Add indexes on the columns that are frequently used for filtering or lookup operations.,"KEY `status` (`STATUS`),
KEY `biblionumber` (`biblionumber`),
KEY `branchcode` (`branchcode`)",2ccecbe3ac308724ed7554592dcfbb93be76bd84,"Commit 75312, group 12. This is a clear real-world performance improvement using indexes."
38,"SELECT w.id
FROM way w
WHERE w.id NOT IN (
    SELECT way_id
    FROM fusion_way
);",performance,Using NOT IN with a subquery may be inefficient on large tables and can also behave unexpectedly if the subquery returns NULL values.,Replace NOT IN with a LEFT JOIN and keep only the rows where no matching row exists in the joined table.,"SELECT w.id
FROM way w
LEFT JOIN fusion_way fw
    ON w.id = fw.way_id
WHERE fw.way_id IS NULL;",Bonus idea,Bonus improvement idea based on a common query optimization pattern.
39,"SELECT DISTINCT customer_id, order_date
FROM orders;",performance,"DISTINCT is used only to remove duplicate rows. On large result sets this may be slower, because the database must compare and remove duplicates from the output.",Use GROUP BY on the relevant columns when the goal is to return one row per group.,"SELECT customer_id, order_date
FROM orders
GROUP BY customer_id, order_date;",Bonus idea,Bonus improvement idea: replace DISTINCT with GROUP BY when it better represents the grouping logic.
40,"SELECT *
FROM movies;",performance,"The query uses SELECT *, which returns all columns even when only some of them are needed. This can make the query slower by increasing I/O, memory usage, and data transfer, and it also makes the query less clear.",Select only the columns that are actually needed by the query or application.,"SELECT id, name, year
FROM movies;",Bonus idea,Bonus improvement idea: avoid SELECT * and select only required columns to improve performance and readability.
41,"encumber_open smallint(1) NOT NULL default 1, -- whether or not to encumber the finds when invoice is still open","Refactor opportunity","Typo in SQL comment: finds instead of funds.","Correct the comment text.","encumber_open smallint(1) NOT NULL default 1, -- whether or not to encumber the funds when invoice is still open","a02aeec94f1c5f4d661450cce195fc43005ae6e4","Documentation/readability fix."
42,"UPDATE `areatrigger_teleport` SET `target_orientation` = 3.30496 WHERE `id`=922;","Bug","Wrong target_orientation value for the area trigger.","Set the correct target_orientation value.","UPDATE `areatrigger_teleport` SET `target_orientation` = 3.30496 WHERE `id`=922;","9b25801b2f5a98ad5dc50c7517f06ac08b566212","Corrects an incorrect DB value."
43,"UPDATE `creature_template` SET `gossip_menu_id`=9691 WHERE `entry`=28471; DELETE FROM `gossip_menu_option` WHERE `menu_id` IN (9691,9692,9693,9791,10371); INSERT INTO `gossip_menu_option` (...) VALUES (...);","Data Integrity","Incorrect or missing gossip menu relations.","Update the menu ids and recreate the related menu options.","UPDATE `creature_template` SET `gossip_menu_id`=9691 WHERE `entry`=28471; DELETE FROM `gossip_menu_option` WHERE `menu_id` IN (9691,9692,9693,9791,10371); INSERT INTO `gossip_menu_option` (...) VALUES (...);","369c1bd3c1bba968cf94bb56f3a8a3ba9e9fcd36","Fixes relations between DB records."
44,"UPDATE `quest_template` SET `NextQuestId`=12257 WHERE `ID`=12468;","Data Integrity","Incorrect next quest relation.","Set the correct NextQuestId value.","UPDATE `quest_template` SET `NextQuestId`=12257 WHERE `ID`=12468;","f50ad5dd990d07e7a64e325b3002e91d65fc30fc","Fixes the quest chain relation."
45,"INSERT INTO schema_migrations (version) VALUES ('20190825000337'); <<<<<<< HEAD ======= INSERT INTO schema_migrations (version) VALUES ('20190422003442'); >>>>>>> Update for dev provisions","Bug","Git conflict markers were left in the SQL file.","Remove the conflict markers and keep valid SQL.","INSERT INTO schema_migrations (version) VALUES ('20190825000337'); INSERT INTO schema_migrations (version) VALUES ('20190422003442');","22ecdf40717ddb57230ce1f4643671cdbdffa908","Fixes first-time database setup."
46,"INSERT INTO spell_proc_event VALUES (54488, 0x00, 0, 0x20000021, 0x00009000, 0x00000000, 0x00000000, 0x00000000, 0, 0, 0), (54489, 0x00, 0, 0x20000021, 0x00009000, 0x00000000, 0x00000000, 0x00000000, 0, 0, 0), (54490, 0x00, 0, 0x20000021, 0x00009000, 0x00000000, 0x00000000, 0x00000000, 0, 0, 0), (54646, 0x00, 0, 0x00000000, 0x00000000, 0x00000000, 0x00000000, 0x00000002, 0, 0, 0); (54695, 0x00, 0, 0x00000000, 0x00000000, 0x00000000, 0x00000000, 0x00000000, 0, 0, 45), (54707, 0x00, 0, 0x00000000, 0x00000000, 0x00000000, 0x00000000, 0x00000000, 0, 0, 60), (54738, 0x00, 0, 0x00000000, 0x00000000, 0x00000000, 0x00000000, 0x00000002, 0, 0, 45);","bug","A semicolon ends the INSERT statement too early, so the remaining rows are not included in the same INSERT.","Replace the semicolon after the row with entry 54646 with a comma, so all rows stay inside the same INSERT statement.","INSERT INTO spell_proc_event VALUES (54488, 0x00, 0, 0x20000021, 0x00009000, 0x00000000, 0x00000000, 0x00000000, 0, 0, 0), (54489, 0x00, 0, 0x20000021, 0x00009000, 0x00000000, 0x00000000, 0x00000000, 0, 0, 0), (54490, 0x00, 0, 0x20000021, 0x00009000, 0x00000000, 0x00000000, 0x00000000, 0, 0, 0), (54646, 0x00, 0, 0x00000000, 0x00000000, 0x00000000, 0x00000000, 0x00000002, 0, 0, 0), (54695, 0x00, 0, 0x00000000, 0x00000000, 0x00000000, 0x00000000, 0x00000000, 0, 0, 45), (54707, 0x00, 0, 0x00000000, 0x00000000, 0x00000000, 0x00000000, 0x00000000, 0, 0, 60), (54738, 0x00, 0, 0x00000000, 0x00000000, 0x00000000, 0x00000000, 0x00000002, 0, 0, 45);","7798474e74e39e4a3bb712cdc194f833bc16e3d5",""
47,"ALTER TABLE event_log_email DROP COLUMN max_following_teacher;","bug","The ALTER TABLE statement uses the wrong table name. The rollback tries to drop max_following_teacher from event_log_email, although the corrected commit shows that the column should be dropped from m_plan.","Use the correct table name in the ALTER TABLE statement.","ALTER TABLE m_plan DROP COLUMN max_following_teacher;","fa2a91a1177aa4af3f44154cf932d442b1f3212a",""
48,"SET @ENTRY := 2287 DELETE FROM `creature_text` WHERE `entry`=@ENTRY;","bug","The first SQL statement is missing a semicolon, so the SET statement and the DELETE statement are joined together incorrectly.","Add a semicolon after the SET statement before starting the DELETE statement.","SET @ENTRY := 2287; DELETE FROM `creature_text` WHERE `entry`=@ENTRY;","937fcc38100c46edfad89e62bdcc85d0a0f79b4d",""
49,"INSERT INTO `authorised_values` (`category`, `authorised_value`, `lib`) VALUES ('COUNTRY', 'CC', 'Cocos, île des'); INSERT INTO `authorised_values` (`category`, `authorised_value`, `lib`) VALUES ('COUNTRY', 'CC', 'Keeling');","data integrity","The same lookup value is inserted twice. Both rows use the same category and authorised_value, but with different labels.","Remove the duplicate row and keep only one value for the same category and authorised_value.","INSERT INTO `authorised_values` (`category`, `authorised_value`, `lib`) VALUES ('COUNTRY', 'CC', 'Cocos, île des');","323e1a2a2f28881e6aed13c78df1d0a3d5069c4e",""
50,"SELECT af.uri, (SELECT COALESCE(SUM(sub_af.transaction_obligated_amou::numeric),0) FROM award_financial_c23_4_{0} AS sub_af WHERE sub_af.uri = af.uri) AS transaction_obligated_amou_sum, (SELECT COALESCE(SUM(sub_afa.federal_action_obligation),0) FROM award_financial_assistance_c23_4_{0} AS sub_afa WHERE sub_afa.uri = af.uri AND COALESCE(sub_afa.assistance_type,'') NOT IN ('07','08')) AS federal_action_obligation_sum FROM award_financial_c23_4_{0} AS af;","performance","The query calculates sums with correlated subqueries. These subqueries may run again for many rows, which can make the query slower on large tables.","Calculate the sums once by grouping each table by uri, and then join the grouped results.","WITH award_financial_grouped AS (SELECT uri, COALESCE(SUM(transaction_obligated_amou::numeric),0) AS transaction_obligated_amou_sum FROM award_financial_c23_4_{0} GROUP BY uri), award_financial_assistance_grouped AS (SELECT uri, COALESCE(SUM(federal_action_obligation),0) AS federal_action_obligation_sum FROM award_financial_assistance_c23_4_{0} WHERE COALESCE(assistance_type,'') NOT IN ('07','08') GROUP BY uri) SELECT af.uri, af.transaction_obligated_amou_sum, afa.federal_action_obligation_sum FROM award_financial_grouped AS af JOIN award_financial_assistance_grouped AS afa ON af.uri = afa.uri;","b3012cd21fba52a1e8309aab3807ab09ddbb9d0f",""
51,"ALTER TABLE marc_subfield_structure MODIFY COLUMN authorised_value varchar(10) DEFAULT NULL, MODIFY COLUMN authtypecode varchar(10) DEFAULT NULL;","Bug","The columns authorised_value and authtypecode were defined as varchar(10), which was too short and could truncate valid values.","Increase both columns to varchar(20).","ALTER TABLE marc_subfield_structure MODIFY COLUMN authorised_value varchar(20) DEFAULT NULL, MODIFY COLUMN authtypecode varchar(20) DEFAULT NULL;","f1752b544f7f465c826665343627227941755c2b","bywatersolutions/bws-package"
52,"CREATE TABLE execution_logs (enc_type varchar(128) NOT NULL, exec_id bigint NOT NULL, attempt_id int NOT NULL, name varchar(640) NOT NULL, start_byte bigint DEFAULT 0, end_byte bigint DEFAULT 0, length bigint DEFAULT 0, upload_time bigint DEFAULT 0) ENGINE=InnoDB DEFAULT CHARSET=utf8;","Data integrity","The execution_logs table was created without a primary key, allowing duplicate rows with the same logical identity.","Add a composite PRIMARY KEY on enc_type, exec_id, attempt_id, and name.","CREATE TABLE execution_logs (enc_type varchar(128) NOT NULL, exec_id bigint NOT NULL, attempt_id int NOT NULL, name varchar(640) NOT NULL, start_byte bigint DEFAULT 0, end_byte bigint DEFAULT 0, length bigint DEFAULT 0, upload_time bigint DEFAULT 0, PRIMARY KEY (enc_type, exec_id, attempt_id, name)) ENGINE=InnoDB DEFAULT CHARSET=utf8;","6ed18c149b491e7c33a06d8124318be553b8cebe","azkaban/azkaban"
53,"ALTER TABLE `aqorders` MODIFY `quantityreceived` smallint(6) default NULL;","fix","The quantityreceived column allows NULL but a received quantity should always be a number. NULL values cause SUM aggregations to silently skip rows and give wrong totals.","Change the column to NOT NULL with default 0.","ALTER TABLE `aqorders` MODIFY `quantityreceived` smallint(6) NOT NULL default 0;","5a087678da7e04678bdc310a9b8c4946183cfec1","Quantity columns should always be NOT NULL with a default to avoid silent errors in aggregations."
54,"DELETE FROM `gameobject_loot_template` WHERE `entry=28683","fix","The closing backtick of the column identifier is missing and there is no terminating semicolon causing a syntax error that aborts all subsequent statements in the script.","Add the missing closing backtick and semicolon.","DELETE FROM `gameobject_loot_template` WHERE `entry`=28683;","2f1f2044afd9b81e7258248c86075b8d355563bc","Column identifiers must be properly closed with backticks and every statement must end with a semicolon."
55,"CREATE TABLE `users` ( `isBanned` int(11) NOT NULL DEFAULT '0', `isCreatorBanned` int(11) NOT NULL );","fix","The isCreatorBanned column is NOT NULL but has no DEFAULT value causing INSERT failures when the column is not explicitly supplied.","Add DEFAULT '0' to the isCreatorBanned column.","CREATE TABLE `users` ( `isBanned` int(11) NOT NULL DEFAULT '0', `isCreatorBanned` int(11) NOT NULL DEFAULT '0' );","382299fd2a58bccf6052a1b3cf932f3d5a5f228c","Every NOT NULL column should have a DEFAULT value to avoid insert failures in strict SQL mode."
56,"ALTER TABLE user_plots ADD packet_rid integer NULL REFERENCES packets (packet_uid) ON DELETE CASCADE ON UPDATE CASCADE; CREATE TABLE packets (packet_uid serial PRIMARY KEY);","fix","The ALTER TABLE adding a foreign key to packets was placed before the CREATE TABLE for packets causing the migration to fail because the referenced table does not exist yet.","Move the ALTER TABLE to after the CREATE TABLE for the referenced table.","CREATE TABLE packets (packet_uid serial PRIMARY KEY); ALTER TABLE user_plots ADD packet_rid integer NULL REFERENCES packets (packet_uid) ON DELETE CASCADE ON UPDATE CASCADE;","f00e62f9ea810a433ce8176bfcab5528d3d49102","Always define referenced tables before adding foreign key constraints that reference them."
57,"CREATE TABLE allele_code ( allele_code_id int(10) unsigned NOT NULL AUTO_INCREMENT, allele varchar(100) DEFAULT NULL, PRIMARY KEY (allele_code_id), UNIQUE KEY allele_idx (allele(1000)) );","fix","The table was created without specifying a character set. Using utf8mb4 with a 1000-character prefix key exceeds the maximum allowed key length causing a creation error.","Add DEFAULT CHARSET=latin1 to keep the index within the allowed limit.","CREATE TABLE allele_code ( allele_code_id int(10) unsigned NOT NULL AUTO_INCREMENT, allele varchar(100) DEFAULT NULL, PRIMARY KEY (allele_code_id), UNIQUE KEY allele_idx (allele(1000)) ) DEFAULT CHARSET=latin1;","3fe240d8a3e12e6b9d63bd46d4ea9fa8f79b517b","When using long prefix indexes on varchar columns ensure single-byte charset or reduce the prefix length."
